year,country_origin_id,country_destination_id,hs92_product_id,export_val,export_val_pct
1995,VNM,BFA,ALL,67177.77,0.00%
1995,VNM,CAF,ALL,514674.15,0.00%
1995,VNM,CIV,ALL,58011.71,0.00%
1995,VNM,CMR,ALL,97669,0.00%
1995,VNM,COG,ALL,24018.39,0.00%
1995,VNM,DZA,ALL,3045918,0.01%
1995,VNM,EGY,ALL,2004172.01,0.01%
1995,VNM,ETH,ALL,6721108.07,0.02%
1995,VNM,GIN,ALL,501237.81,0.00%
1995,VNM,MDG,ALL,58962.92,0.00%
1995,VNM,MUS,ALL,1735714.92,0.01%
1995,VNM,NER,ALL,59760.85,0.00%
1995,VNM,SDN,ALL,1379844.58,0.00%
1995,VNM,SYC,ALL,10551,0.00%
1995,VNM,TCD,ALL,63364.31,0.00%
1995,VNM,TGO,ALL,270465.31,0.00%
1995,VNM,TUN,ALL,1369375.58,0.00%
1995,VNM,TZA,ALL,148144.85,0.00%
1995,VNM,UGA,ALL,1103468.68,0.00%
1995,VNM,ZAF,ALL,1086686,0.00%
1995,VNM,ZMB,ALL,498829.15,0.00%
1995,VNM,ZWE,ALL,3461937.03,0.01%
1995,VNM,BGD,ALL,356926.28,0.00%
1995,VNM,CHN,ALL,58936545.91,0.17%
1995,VNM,HKG,ALL,31827160.99,0.09%
1995,VNM,IDN,ALL,25947698.89,0.08%
1995,VNM,IND,ALL,33478005.23,0.10%
1995,VNM,JOR,ALL,50046.5,0.00%
1995,VNM,JPN,ALL,329282342.5,0.95%
1995,VNM,KGZ,ALL,325299,0.00%
1995,VNM,KOR,ALL,1436899.4,0.00%
1995,VNM,MAC,ALL,41018,0.00%
1995,VNM,MDV,ALL,81002.96,0.00%
1995,VNM,MYS,ALL,438410.88,0.00%
1995,VNM,SAU,ALL,37505702.62,0.11%
1995,VNM,SGP,ALL,775952.31,0.00%
1995,VNM,THA,ALL,2995924.5,0.01%
1995,VNM,TUR,ALL,567111.05,0.00%
1995,VNM,AND,ALL,59863,0.00%
1995,VNM,BLX,ALL,2693997.82,0.01%
1995,VNM,CHE,ALL,1039014.26,0.00%
1995,VNM,CZE,ALL,732661.84,0.00%
1995,VNM,DEU,ALL,38899053.18,0.11%
1995,VNM,DNK,ALL,1280768.28,0.00%
1995,VNM,ESP,ALL,3417359.24,0.01%
1995,VNM,EST,ALL,266491.63,0.00%
1995,VNM,FIN,ALL,94373,0.00%
1995,VNM,FRA,ALL,20920630.19,0.06%
1995,VNM,GBR,ALL,259318.06,0.00%
1995,VNM,GRC,ALL,2003022.53,0.01%
1995,VNM,HRV,ALL,205958.55,0.00%
1995,VNM,HUN,ALL,320539.93,0.00%
1995,VNM,IRL,ALL,4456019.39,0.01%
1995,VNM,ISL,ALL,33545,0.00%
1995,VNM,ITA,ALL,3697789.73,0.01%
1995,VNM,LTU,ALL,46311.35,0.00%
1995,VNM,LVA,ALL,1807154.58,0.01%
1995,VNM,MDA,ALL,1488,0.00%
1995,VNM,NLD,ALL,2874529.18,0.01%
1995,VNM,NOR,ALL,7999.03,0.00%
1995,VNM,POL,ALL,11586403.81,0.03%
1995,VNM,PRT,ALL,79689,0.00%
1995,VNM,ROU,ALL,139294.09,0.00%
1995,VNM,SVK,ALL,705910.28,0.00%
1995,VNM,SVN,ALL,134167.01,0.00%
1995,VNM,SWE,ALL,847942.11,0.00%
1995,VNM,CAN,ALL,377082.18,0.00%
1995,VNM,CRI,ALL,2588843.9,0.01%
1995,VNM,GRD,ALL,15859.6,0.00%
1995,VNM,GRL,ALL,16753.61,0.00%
1995,VNM,GTM,ALL,837038.14,0.00%
1995,VNM,HND,ALL,8123835.9,0.02%
1995,VNM,KNA,ALL,186851.89,0.00%
1995,VNM,LCA,ALL,548558.8,0.00%
1995,VNM,MEX,ALL,193657174.8,0.56%
1995,VNM,NIC,ALL,184852.02,0.00%
1995,VNM,TTO,ALL,583051.97,0.00%
1995,VNM,AUS,ALL,360760.63,0.00%
1995,VNM,NZL,ALL,10112.6,0.00%
1995,VNM,BOL,ALL,292773,0.00%
1995,VNM,BRA,ALL,4444460.25,0.01%
1995,VNM,CHL,ALL,478202.83,0.00%
1995,VNM,COL,ALL,4173808.59,0.01%
1995,VNM,PER,ALL,519383.4,0.00%
1995,VNM,SUR,ALL,1196006.77,0.00%
1995,VNM,URY,ALL,51779.67,0.00%
1995,VNM,VEN,ALL,32480.7,0.00%
1996,VNM,BFA,ALL,141525.02,0.00%
1996,VNM,CAF,ALL,295472.22,0.00%
1996,VNM,CIV,ALL,57674.74,0.00%
1996,VNM,CMR,ALL,1797,0.00%
1996,VNM,DZA,ALL,2230352,0.01%
1996,VNM,EGY,ALL,230149.25,0.00%
1996,VNM,GAB,ALL,143787.68,0.00%
1996,VNM,GHA,ALL,3637798.17,0.01%
1996,VNM,GIN,ALL,382235.08,0.00%
1996,VNM,GMB,ALL,34687.44,0.00%
1996,VNM,MDG,ALL,382291.5,0.00%
1996,VNM,MLI,ALL,212973.78,0.00%
1996,VNM,MUS,ALL,2135456.44,0.01%
1996,VNM,NER,ALL,25112.05,0.00%
1996,VNM,NGA,ALL,2073982.63,0.01%
1996,VNM,SDN,ALL,557246.68,0.00%
1996,VNM,SEN,ALL,49023.62,0.00%
1996,VNM,SYC,ALL,2611,0.00%
1996,VNM,TGO,ALL,346755.88,0.00%
1996,VNM,TUN,ALL,587915.94,0.00%
1996,VNM,TZA,ALL,76247.21,0.00%
1996,VNM,UGA,ALL,824660.95,0.00%
1996,VNM,ZAF,ALL,1614320,0.00%
1996,VNM,AZE,ALL,11699,0.00%
1996,VNM,BGD,ALL,19507587.17,0.06%
1996,VNM,CHN,ALL,61753457.85,0.18%
1996,VNM,GEO,ALL,1205312,0.00%
1996,VNM,HKG,ALL,46278571.76,0.13%
1996,VNM,IDN,ALL,29993562.4,0.09%
1996,VNM,IND,ALL,26675324.23,0.08%
1996,VNM,JPN,ALL,281380797.4,0.81%
1996,VNM,KGZ,ALL,184398,0.00%
1996,VNM,MAC,ALL,12953.29,0.00%
1996,VNM,MDV,ALL,77614.68,0.00%
1996,VNM,MNG,ALL,101699,0.00%
1996,VNM,MYS,ALL,412131.3,0.00%
1996,VNM,SAU,ALL,38024293.23,0.11%
1996,VNM,SGP,ALL,3799600.23,0.01%
1996,VNM,THA,ALL,1135261.54,0.00%
1996,VNM,ALB,ALL,80817.85,0.00%
1996,VNM,AND,ALL,134099.45,0.00%
1996,VNM,AUT,ALL,2652534.27,0.01%
1996,VNM,BGR,ALL,2470874.33,0.01%
1996,VNM,BLX,ALL,327924.72,0.00%
1996,VNM,CHE,ALL,733842.45,0.00%
1996,VNM,CZE,ALL,947088.3,0.00%
1996,VNM,DEU,ALL,41751341.66,0.12%
1996,VNM,DNK,ALL,743641.83,0.00%
1996,VNM,ESP,ALL,19674681.3,0.06%
1996,VNM,EST,ALL,155157.88,0.00%
1996,VNM,FIN,ALL,24723,0.00%
1996,VNM,FRA,ALL,29697024.52,0.09%
1996,VNM,GBR,ALL,352135,0.00%
1996,VNM,GRC,ALL,653671.19,0.00%
1996,VNM,HRV,ALL,232241.85,0.00%
1996,VNM,HUN,ALL,272695.57,0.00%
1996,VNM,IRL,ALL,5049804.84,0.02%
1996,VNM,ITA,ALL,1234172.12,0.00%
1996,VNM,LTU,ALL,32069.11,0.00%
1996,VNM,LVA,ALL,1665392.29,0.00%
1996,VNM,MDA,ALL,51983.1,0.00%
1996,VNM,MKD,ALL,15178,0.00%
1996,VNM,NLD,ALL,3631325.56,0.01%
1996,VNM,POL,ALL,8489860.54,0.02%
1996,VNM,PRT,ALL,47030.25,0.00%
1996,VNM,ROU,ALL,140247.9,0.00%
1996,VNM,RUS,ALL,28604151.53,0.08%
1996,VNM,SVK,ALL,799625.43,0.00%
1996,VNM,SVN,ALL,2253200.09,0.01%
1996,VNM,SWE,ALL,874435.98,0.00%
1996,VNM,UKR,ALL,2923831.1,0.01%
1996,VNM,YUG,ALL,56949.21,0.00%
1996,VNM,CAN,ALL,3140,0.00%
1996,VNM,CRI,ALL,2683112.28,0.01%
1996,VNM,DMA,ALL,1973.83,0.00%
1996,VNM,GRD,ALL,50173.19,0.00%
1996,VNM,GRL,ALL,6591,0.00%
1996,VNM,GTM,ALL,701900.8,0.00%
1996,VNM,HND,ALL,7017765.64,0.02%
1996,VNM,JAM,ALL,1466726.09,0.00%
1996,VNM,KNA,ALL,237676.99,0.00%
1996,VNM,LCA,ALL,369999.85,0.00%
1996,VNM,MEX,ALL,116976842.4,0.34%
1996,VNM,NIC,ALL,1930947.46,0.01%
1996,VNM,SLV,ALL,2272173.11,0.01%
1996,VNM,TTO,ALL,923969.57,0.00%
1996,VNM,AUS,ALL,482490.72,0.00%
1996,VNM,NZL,ALL,4084.98,0.00%
1996,VNM,PYF,ALL,281807.65,0.00%
1996,VNM,BOL,ALL,448635.66,0.00%
1996,VNM,BRA,ALL,3135928.91,0.01%
1996,VNM,CHL,ALL,479307.05,0.00%
1996,VNM,COL,ALL,3440221.78,0.01%
1996,VNM,ECU,ALL,23961796.66,0.07%
1996,VNM,PER,ALL,1685989.98,0.00%
1996,VNM,SUR,ALL,2750121.51,0.01%
1996,VNM,URY,ALL,397684.36,0.00%
1996,VNM,VEN,ALL,3457741.1,0.01%
1997,VNM,BFA,ALL,218335.84,0.00%
1997,VNM,CAF,ALL,167318.18,0.00%
1997,VNM,CIV,ALL,119240.28,0.00%
1997,VNM,CMR,ALL,184486.4,0.00%
1997,VNM,DZA,ALL,2131450,0.01%
1997,VNM,EGY,ALL,50271.31,0.00%
1997,VNM,ETH,ALL,2826772.99,0.01%
1997,VNM,GAB,ALL,409525.01,0.00%
1997,VNM,GHA,ALL,6049019.84,0.02%
1997,VNM,GIN,ALL,292672.76,0.00%
1997,VNM,GMB,ALL,210458.07,0.00%
1997,VNM,KEN,ALL,51494,0.00%
1997,VNM,MDG,ALL,306020.83,0.00%
1997,VNM,MLI,ALL,211223.97,0.00%
1997,VNM,MUS,ALL,707128.85,0.00%
1997,VNM,NER,ALL,33743.3,0.00%
1997,VNM,NGA,ALL,488735.12,0.00%
1997,VNM,SDN,ALL,733665.83,0.00%
1997,VNM,SEN,ALL,109990.35,0.00%
1997,VNM,TGO,ALL,270162.2,0.00%
1997,VNM,TUN,ALL,1696625.18,0.00%
1997,VNM,TZA,ALL,267330.2,0.00%
1997,VNM,UGA,ALL,322290.4,0.00%
1997,VNM,ZAF,ALL,2424829,0.01%
1997,VNM,AZE,ALL,7159,0.00%
1997,VNM,BGD,ALL,43717006.42,0.13%
1997,VNM,BRN,ALL,299924.6,0.00%
1997,VNM,CHN,ALL,108174875.4,0.31%
1997,VNM,GEO,ALL,1160311,0.00%
1997,VNM,HKG,ALL,173010976.4,0.50%
1997,VNM,IDN,ALL,7141719.74,0.02%
1997,VNM,IND,ALL,53204514.59,0.15%
1997,VNM,IRN,ALL,1097288.62,0.00%
1997,VNM,JPN,ALL,290201956.3,0.83%
1997,VNM,KOR,ALL,331839.95,0.00%
1997,VNM,LBN,ALL,82924479.03,0.24%
1997,VNM,MAC,ALL,5178541,0.02%
1997,VNM,MDV,ALL,310211.6,0.00%
1997,VNM,MNG,ALL,14277.59,0.00%
1997,VNM,MYS,ALL,270087.38,0.00%
1997,VNM,SGP,ALL,2975449.65,0.01%
1997,VNM,THA,ALL,9348539.39,0.03%
1997,VNM,ALB,ALL,34624,0.00%
1997,VNM,AND,ALL,55795.77,0.00%
1997,VNM,AUT,ALL,1571092.13,0.00%
1997,VNM,BGR,ALL,3377673.65,0.01%
1997,VNM,BLX,ALL,762848.51,0.00%
1997,VNM,CHE,ALL,653136.28,0.00%
1997,VNM,CZE,ALL,1033552.24,0.00%
1997,VNM,DEU,ALL,43354292.32,0.12%
1997,VNM,DNK,ALL,900801.64,0.00%
1997,VNM,ESP,ALL,10342328.85,0.03%
1997,VNM,EST,ALL,31051.89,0.00%
1997,VNM,FIN,ALL,65921,0.00%
1997,VNM,FRA,ALL,25171894.39,0.07%
1997,VNM,GBR,ALL,724235.88,0.00%
1997,VNM,GRC,ALL,301059.13,0.00%
1997,VNM,HRV,ALL,318876.67,0.00%
1997,VNM,HUN,ALL,182791.95,0.00%
1997,VNM,IRL,ALL,2766382.5,0.01%
1997,VNM,ITA,ALL,1336677.83,0.00%
1997,VNM,LTU,ALL,245372.72,0.00%
1997,VNM,LVA,ALL,811670.13,0.00%
1997,VNM,MKD,ALL,20187,0.00%
1997,VNM,NLD,ALL,3569425.47,0.01%
1997,VNM,NOR,ALL,155877.81,0.00%
1997,VNM,POL,ALL,6391657.71,0.02%
1997,VNM,PRT,ALL,10983.22,0.00%
1997,VNM,ROU,ALL,128879.55,0.00%
1997,VNM,RUS,ALL,16914836.17,0.05%
1997,VNM,SVK,ALL,753118.39,0.00%
1997,VNM,SVN,ALL,4358154.63,0.01%
1997,VNM,SWE,ALL,66992.88,0.00%
1997,VNM,UKR,ALL,2277407.09,0.01%
1997,VNM,YUG,ALL,78000,0.00%
1997,VNM,BHS,ALL,86815.18,0.00%
1997,VNM,BRB,ALL,14005.61,0.00%
1997,VNM,CAN,ALL,86511.43,0.00%
1997,VNM,CRI,ALL,4112871.38,0.01%
1997,VNM,GRD,ALL,46985,0.00%
1997,VNM,GRL,ALL,2806,0.00%
1997,VNM,GTM,ALL,1604364.5,0.00%
1997,VNM,HND,ALL,6773628.1,0.02%
1997,VNM,JAM,ALL,1860126.73,0.01%
1997,VNM,KNA,ALL,41868.48,0.00%
1997,VNM,LCA,ALL,354100.24,0.00%
1997,VNM,MEX,ALL,240946420.5,0.69%
1997,VNM,NIC,ALL,6161858.01,0.02%
1997,VNM,TTO,ALL,1682899.23,0.00%
1997,VNM,AUS,ALL,1315286.34,0.00%
1997,VNM,NZL,ALL,1363.11,0.00%
1997,VNM,PYF,ALL,80680.31,0.00%
1997,VNM,BOL,ALL,658686.46,0.00%
1997,VNM,BRA,ALL,33715868.28,0.10%
1997,VNM,CHL,ALL,321907.93,0.00%
1997,VNM,COL,ALL,3964397.86,0.01%
1997,VNM,ECU,ALL,149970.94,0.00%
1997,VNM,GUY,ALL,41545.47,0.00%
1997,VNM,PER,ALL,1130928.59,0.00%
1997,VNM,URY,ALL,705858.96,0.00%
1997,VNM,VEN,ALL,44057.91,0.00%
1998,VNM,BEN,ALL,2892637.48,0.01%
1998,VNM,BFA,ALL,1498090.16,0.00%
1998,VNM,CAF,ALL,46335.68,0.00%
1998,VNM,CIV,ALL,216750.68,0.00%
1998,VNM,CMR,ALL,162192.82,0.00%
1998,VNM,CPV,ALL,26896.54,0.00%
1998,VNM,DZA,ALL,3190483,0.01%
1998,VNM,EGY,ALL,637530,0.00%
1998,VNM,ETH,ALL,3299966.93,0.01%
1998,VNM,GAB,ALL,207276.84,0.00%
1998,VNM,GHA,ALL,3945873.72,0.01%
1998,VNM,GMB,ALL,63624.08,0.00%
1998,VNM,KEN,ALL,91202.03,0.00%
1998,VNM,MDG,ALL,206030.27,0.00%
1998,VNM,MLI,ALL,189880.95,0.00%
1998,VNM,MUS,ALL,1198572.73,0.00%
1998,VNM,NER,ALL,59927.19,0.00%
1998,VNM,NGA,ALL,650856.64,0.00%
1998,VNM,SDN,ALL,1033350.54,0.00%
1998,VNM,SEN,ALL,147178.61,0.00%
1998,VNM,TGO,ALL,1455159.52,0.00%
1998,VNM,TUN,ALL,2070900.47,0.01%
1998,VNM,TZA,ALL,192131.59,0.00%
1998,VNM,UGA,ALL,218952.14,0.00%
1998,VNM,ZAF,ALL,2040949,0.01%
1998,VNM,ZMB,ALL,226382.82,0.00%
1998,VNM,AZE,ALL,129125.14,0.00%
1998,VNM,BGD,ALL,24240422.94,0.07%
1998,VNM,BRN,ALL,2462066.94,0.01%
1998,VNM,CHN,ALL,49851196.57,0.14%
1998,VNM,GEO,ALL,356274,0.00%
1998,VNM,HKG,ALL,41766532.28,0.12%
1998,VNM,IDN,ALL,3794490.89,0.01%
1998,VNM,IND,ALL,31646551.09,0.09%
1998,VNM,IRN,ALL,157230.59,0.00%
1998,VNM,JPN,ALL,211338449.4,0.61%
1998,VNM,KOR,ALL,837864.84,0.00%
1998,VNM,LBN,ALL,38609047.19,0.11%
1998,VNM,MAC,ALL,6682409.52,0.02%
1998,VNM,MDV,ALL,182324.4,0.00%
1998,VNM,MNG,ALL,54915.22,0.00%
1998,VNM,MYS,ALL,27685.15,0.00%
1998,VNM,OMN,ALL,13555,0.00%
1998,VNM,SAU,ALL,42724911.36,0.12%
1998,VNM,SGP,ALL,1999585.75,0.01%
1998,VNM,THA,ALL,1277146.71,0.00%
1998,VNM,TUR,ALL,1712432.34,0.00%
1998,VNM,ALB,ALL,87993,0.00%
1998,VNM,AND,ALL,192884.22,0.00%
1998,VNM,AUT,ALL,2807685.64,0.01%
1998,VNM,BGR,ALL,2233624.75,0.01%
1998,VNM,BLR,ALL,3070273.52,0.01%
1998,VNM,BLX,ALL,2014848.68,0.01%
1998,VNM,CHE,ALL,856188.57,0.00%
1998,VNM,CZE,ALL,625188.71,0.00%
1998,VNM,DEU,ALL,29623390.32,0.09%
1998,VNM,DNK,ALL,1547625.28,0.00%
1998,VNM,ESP,ALL,7339237.24,0.02%
1998,VNM,EST,ALL,148577.4,0.00%
1998,VNM,FIN,ALL,49633.96,0.00%
1998,VNM,FRA,ALL,15874261.09,0.05%
1998,VNM,GBR,ALL,1175696.76,0.00%
1998,VNM,GRC,ALL,43359609.68,0.12%
1998,VNM,HRV,ALL,324911.28,0.00%
1998,VNM,HUN,ALL,553122.13,0.00%
1998,VNM,IRL,ALL,11000526.24,0.03%
1998,VNM,ITA,ALL,1411094.57,0.00%
1998,VNM,LTU,ALL,230012.22,0.00%
1998,VNM,LVA,ALL,16262,0.00%
1998,VNM,MDA,ALL,120681,0.00%
1998,VNM,MKD,ALL,23820.28,0.00%
1998,VNM,NLD,ALL,4009683.52,0.01%
1998,VNM,NOR,ALL,4884,0.00%
1998,VNM,POL,ALL,10227912.81,0.03%
1998,VNM,PRT,ALL,68877.1,0.00%
1998,VNM,ROU,ALL,366593.17,0.00%
1998,VNM,RUS,ALL,8275783.17,0.02%
1998,VNM,SVK,ALL,816962.57,0.00%
1998,VNM,SVN,ALL,4405859.01,0.01%
1998,VNM,SWE,ALL,318987.88,0.00%
1998,VNM,UKR,ALL,12437023.21,0.04%
1998,VNM,YUG,ALL,73958.53,0.00%
1998,VNM,BHS,ALL,35504.42,0.00%
1998,VNM,BRB,ALL,54665.17,0.00%
1998,VNM,CAN,ALL,343905.08,0.00%
1998,VNM,CRI,ALL,5211472.31,0.02%
1998,VNM,GRL,ALL,5932.18,0.00%
1998,VNM,GTM,ALL,2260841.77,0.01%
1998,VNM,HND,ALL,4391761.86,0.01%
1998,VNM,JAM,ALL,1949925.13,0.01%
1998,VNM,LCA,ALL,317221.75,0.00%
1998,VNM,MEX,ALL,100420898,0.29%
1998,VNM,SLV,ALL,4844854.65,0.01%
1998,VNM,TTO,ALL,2458977.82,0.01%
1998,VNM,AUS,ALL,4577761.75,0.01%
1998,VNM,NZL,ALL,5308.93,0.00%
1998,VNM,PNG,ALL,135136.36,0.00%
1998,VNM,PYF,ALL,86522.99,0.00%
1998,VNM,BOL,ALL,1377853.05,0.00%
1998,VNM,BRA,ALL,45114593.74,0.13%
1998,VNM,CHL,ALL,256157.68,0.00%
1998,VNM,COL,ALL,3586311.07,0.01%
1998,VNM,ECU,ALL,194185.27,0.00%
1998,VNM,GUY,ALL,70334.81,0.00%
1998,VNM,PER,ALL,2738516.23,0.01%
1998,VNM,PRY,ALL,377471.7,0.00%
1998,VNM,URY,ALL,2412669.32,0.01%
1998,VNM,VEN,ALL,166872.29,0.00%
1999,VNM,BEN,ALL,1985812.69,0.01%
1999,VNM,BFA,ALL,384014.99,0.00%
1999,VNM,CAF,ALL,1851.64,0.00%
1999,VNM,CIV,ALL,355912.79,0.00%
1999,VNM,CMR,ALL,2502.51,0.00%
1999,VNM,CPV,ALL,65814.3,0.00%
1999,VNM,DZA,ALL,5240085,0.02%
1999,VNM,EGY,ALL,965768.71,0.00%
1999,VNM,ETH,ALL,2443034.03,0.01%
1999,VNM,GAB,ALL,110663.41,0.00%
1999,VNM,GHA,ALL,5025691.23,0.01%
1999,VNM,GMB,ALL,1249302.88,0.00%
1999,VNM,KEN,ALL,364960.77,0.00%
1999,VNM,MDG,ALL,190125.61,0.00%
1999,VNM,MLI,ALL,230252.25,0.00%
1999,VNM,MUS,ALL,1419988.63,0.00%
1999,VNM,NER,ALL,28664.92,0.00%
1999,VNM,NGA,ALL,330483.92,0.00%
1999,VNM,SDN,ALL,1263857.54,0.00%
1999,VNM,SEN,ALL,112622.49,0.00%
1999,VNM,STP,ALL,395902.61,0.00%
1999,VNM,TGO,ALL,276047.71,0.00%
1999,VNM,TUN,ALL,1967913.03,0.01%
1999,VNM,TZA,ALL,950920.02,0.00%
1999,VNM,UGA,ALL,225559.52,0.00%
1999,VNM,ZAF,ALL,3009721,0.01%
1999,VNM,ARM,ALL,18210,0.00%
1999,VNM,AZE,ALL,75865.65,0.00%
1999,VNM,CHN,ALL,38343315.04,0.11%
1999,VNM,GEO,ALL,20522,0.00%
1999,VNM,HKG,ALL,45485755.29,0.13%
1999,VNM,IDN,ALL,902981.45,0.00%
1999,VNM,IND,ALL,15443095.31,0.04%
1999,VNM,JOR,ALL,175881,0.00%
1999,VNM,JPN,ALL,195611144.6,0.56%
1999,VNM,KOR,ALL,14146148.88,0.04%
1999,VNM,LBN,ALL,32348040.24,0.09%
1999,VNM,LKA,ALL,2368,0.00%
1999,VNM,MAC,ALL,27403128.48,0.08%
1999,VNM,MDV,ALL,332439.91,0.00%
1999,VNM,MNG,ALL,20351.38,0.00%
1999,VNM,MYS,ALL,1683505.34,0.00%
1999,VNM,OMN,ALL,24115.58,0.00%
1999,VNM,SAU,ALL,52373771.73,0.15%
1999,VNM,SGP,ALL,1271263.71,0.00%
1999,VNM,THA,ALL,2716720.7,0.01%
1999,VNM,TUR,ALL,5581273.38,0.02%
1999,VNM,ALB,ALL,131453.73,0.00%
1999,VNM,AND,ALL,118431,0.00%
1999,VNM,AUT,ALL,2508683.29,0.01%
1999,VNM,BGR,ALL,1916107.18,0.01%
1999,VNM,BLR,ALL,2729603.49,0.01%
1999,VNM,BLX,ALL,308796.65,0.00%
1999,VNM,CHE,ALL,1185125.88,0.00%
1999,VNM,CZE,ALL,457543.91,0.00%
1999,VNM,DEU,ALL,24581114.82,0.07%
1999,VNM,DNK,ALL,2682540.53,0.01%
1999,VNM,ESP,ALL,9303676.31,0.03%
1999,VNM,EST,ALL,254439.4,0.00%
1999,VNM,FIN,ALL,31914.1,0.00%
1999,VNM,FRA,ALL,10020822.15,0.03%
1999,VNM,GBR,ALL,2067532.03,0.01%
1999,VNM,GRC,ALL,1611037.44,0.00%
1999,VNM,HRV,ALL,84600.12,0.00%
1999,VNM,HUN,ALL,251597.47,0.00%
1999,VNM,IRL,ALL,23594151.04,0.07%
1999,VNM,ITA,ALL,2070383.84,0.01%
1999,VNM,LTU,ALL,27986,0.00%
1999,VNM,LVA,ALL,8773,0.00%
1999,VNM,MDA,ALL,113935.2,0.00%
1999,VNM,MKD,ALL,76207.3,0.00%
1999,VNM,NLD,ALL,2908721.61,0.01%
1999,VNM,POL,ALL,6396334.47,0.02%
1999,VNM,PRT,ALL,295389.68,0.00%
1999,VNM,ROU,ALL,461703.43,0.00%
1999,VNM,RUS,ALL,7021722.88,0.02%
1999,VNM,SVK,ALL,443360.99,0.00%
1999,VNM,SVN,ALL,3151635.13,0.01%
1999,VNM,SWE,ALL,216345.08,0.00%
1999,VNM,UKR,ALL,6558921.73,0.02%
1999,VNM,YUG,ALL,33000,0.00%
1999,VNM,ATG,ALL,1496187.09,0.00%
1999,VNM,BHS,ALL,13024,0.00%
1999,VNM,BLZ,ALL,20039.74,0.00%
1999,VNM,BRB,ALL,255286.29,0.00%
1999,VNM,CAN,ALL,149676,0.00%
1999,VNM,CRI,ALL,5099349.49,0.02%
1999,VNM,CUB,ALL,8763099.95,0.03%
1999,VNM,DMA,ALL,22584.04,0.00%
1999,VNM,GRD,ALL,3279.36,0.00%
1999,VNM,GTM,ALL,1059030.88,0.00%
1999,VNM,HND,ALL,12529148.88,0.04%
1999,VNM,JAM,ALL,2858257.54,0.01%
1999,VNM,KNA,ALL,45719.66,0.00%
1999,VNM,LCA,ALL,424829.01,0.00%
1999,VNM,MEX,ALL,177562602,0.51%
1999,VNM,NIC,ALL,2328082.3,0.01%
1999,VNM,SLV,ALL,6318559.36,0.02%
1999,VNM,TTO,ALL,1378061.94,0.00%
1999,VNM,USA,ALL,29233,0.00%
1999,VNM,AUS,ALL,3135415.74,0.01%
1999,VNM,NCL,ALL,21275.59,0.00%
1999,VNM,NZL,ALL,53515.48,0.00%
1999,VNM,PYF,ALL,116900.71,0.00%
1999,VNM,BOL,ALL,1176075.13,0.00%
1999,VNM,BRA,ALL,45962032.82,0.13%
1999,VNM,CHL,ALL,303761.68,0.00%
1999,VNM,COL,ALL,3992161.06,0.01%
1999,VNM,ECU,ALL,95172.13,0.00%
1999,VNM,GUY,ALL,13523.09,0.00%
1999,VNM,PER,ALL,495198.13,0.00%
1999,VNM,PRY,ALL,696205.3,0.00%
1999,VNM,URY,ALL,1176596.89,0.00%
1999,VNM,VEN,ALL,5497182.49,0.02%
2000,VNM,BEN,ALL,923912.58,0.00%
2000,VNM,BFA,ALL,339732.75,0.00%
2000,VNM,CAF,ALL,33662.13,0.00%
2000,VNM,CIV,ALL,342503.71,0.00%
2000,VNM,CMR,ALL,1447.32,0.00%
2000,VNM,COM,ALL,169353.09,0.00%
2000,VNM,CPV,ALL,80070.04,0.00%
2000,VNM,DZA,ALL,3585114,0.01%
2000,VNM,EGY,ALL,35325.64,0.00%
2000,VNM,ETH,ALL,501999.02,0.00%
2000,VNM,GAB,ALL,227856.91,0.00%
2000,VNM,GHA,ALL,65180581.5,0.19%
2000,VNM,GIN,ALL,616484.95,0.00%
2000,VNM,GMB,ALL,371102.14,0.00%
2000,VNM,KEN,ALL,1083817.55,0.00%
2000,VNM,MDG,ALL,124726.47,0.00%
2000,VNM,MLI,ALL,123146.91,0.00%
2000,VNM,MOZ,ALL,80885.04,0.00%
2000,VNM,MRT,ALL,34069.51,0.00%
2000,VNM,MUS,ALL,587559.38,0.00%
2000,VNM,MWI,ALL,51867.93,0.00%
2000,VNM,NER,ALL,63333.54,0.00%
2000,VNM,NGA,ALL,2847670.08,0.01%
2000,VNM,SDN,ALL,1615124.51,0.00%
2000,VNM,SEN,ALL,168163.2,0.00%
2000,VNM,SYC,ALL,10416.47,0.00%
2000,VNM,TGO,ALL,114559.29,0.00%
2000,VNM,TUN,ALL,1847334.29,0.01%
2000,VNM,TZA,ALL,80614.69,0.00%
2000,VNM,UGA,ALL,4438,0.00%
2000,VNM,ZAF,ALL,1308299.35,0.00%
2000,VNM,ZMB,ALL,20011.34,0.00%
2000,VNM,AZE,ALL,121619.69,0.00%
2000,VNM,BGD,ALL,47254536.15,0.14%
2000,VNM,BHR,ALL,91254.19,0.00%
2000,VNM,CHN,ALL,26217920.81,0.08%
2000,VNM,GEO,ALL,117130,0.00%
2000,VNM,HKG,ALL,43790643.67,0.13%
2000,VNM,IDN,ALL,1180423.16,0.00%
2000,VNM,IND,ALL,20013906.44,0.06%
2000,VNM,JOR,ALL,92405.11,0.00%
2000,VNM,JPN,ALL,250177566.8,0.72%
2000,VNM,KAZ,ALL,52103.25,0.00%
2000,VNM,KGZ,ALL,26544,0.00%
2000,VNM,KHM,ALL,3446241.33,0.01%
2000,VNM,LBN,ALL,24687001.92,0.07%
2000,VNM,LKA,ALL,49962.41,0.00%
2000,VNM,MAC,ALL,5220460,0.02%
2000,VNM,MYS,ALL,249418.48,0.00%
2000,VNM,PHL,ALL,41925,0.00%
2000,VNM,SAU,ALL,55918372.38,0.16%
2000,VNM,SGP,ALL,1116882.34,0.00%
2000,VNM,THA,ALL,18577118.5,0.05%
2000,VNM,ALB,ALL,272794.42,0.00%
2000,VNM,AND,ALL,151990.19,0.00%
2000,VNM,AUT,ALL,1958351.52,0.01%
2000,VNM,BGR,ALL,1741865.92,0.01%
2000,VNM,BLR,ALL,4361640.5,0.01%
2000,VNM,BLX,ALL,918639.07,0.00%
2000,VNM,CHE,ALL,1546267.55,0.00%
2000,VNM,CZE,ALL,158551.08,0.00%
2000,VNM,DEU,ALL,24547192.63,0.07%
2000,VNM,DNK,ALL,1062708.51,0.00%
2000,VNM,ESP,ALL,63968709.3,0.18%
2000,VNM,EST,ALL,9720466.2,0.03%
2000,VNM,FIN,ALL,38821,0.00%
2000,VNM,FRA,ALL,25616110.71,0.07%
2000,VNM,GBR,ALL,1280770.47,0.00%
2000,VNM,GRC,ALL,789173.12,0.00%
2000,VNM,HRV,ALL,261280.03,0.00%
2000,VNM,HUN,ALL,1685890.77,0.00%
2000,VNM,IRL,ALL,1988291.13,0.01%
2000,VNM,ITA,ALL,4550584.37,0.01%
2000,VNM,LTU,ALL,644814.96,0.00%
2000,VNM,LVA,ALL,1875,0.00%
2000,VNM,MDA,ALL,21231,0.00%
2000,VNM,MKD,ALL,154586,0.00%
2000,VNM,NLD,ALL,8433049.89,0.02%
2000,VNM,POL,ALL,5515773.9,0.02%
2000,VNM,PRT,ALL,184642.27,0.00%
2000,VNM,ROU,ALL,3522893.79,0.01%
2000,VNM,RUS,ALL,7551073.04,0.02%
2000,VNM,SVK,ALL,276363.15,0.00%
2000,VNM,SVN,ALL,1020370.68,0.00%
2000,VNM,SWE,ALL,2094237.89,0.01%
2000,VNM,UKR,ALL,6138360.75,0.02%
2000,VNM,YUG,ALL,42000,0.00%
2000,VNM,ATG,ALL,1343569.81,0.00%
2000,VNM,BRB,ALL,26516.75,0.00%
2000,VNM,CAN,ALL,699913.3,0.00%
2000,VNM,CRI,ALL,4190878.51,0.01%
2000,VNM,CUB,ALL,9720045.38,0.03%
2000,VNM,DMA,ALL,32495.56,0.00%
2000,VNM,GRD,ALL,1651,0.00%
2000,VNM,GTM,ALL,925645.79,0.00%
2000,VNM,HND,ALL,2133440.48,0.01%
2000,VNM,JAM,ALL,2208140.84,0.01%
2000,VNM,KNA,ALL,201659.17,0.00%
2000,VNM,LCA,ALL,470374.72,0.00%
2000,VNM,MEX,ALL,148416214.2,0.43%
2000,VNM,NIC,ALL,8534370.8,0.03%
2000,VNM,TTO,ALL,3085604.06,0.01%
2000,VNM,USA,ALL,129132,0.00%
2000,VNM,VCT,ALL,18795.77,0.00%
2000,VNM,AUS,ALL,2649738.15,0.01%
2000,VNM,NCL,ALL,20579,0.00%
2000,VNM,PNG,ALL,103476.78,0.00%
2000,VNM,PYF,ALL,220959.76,0.00%
2000,VNM,WLF,ALL,90362.36,0.00%
2000,VNM,BOL,ALL,2274911.3,0.01%
2000,VNM,BRA,ALL,116978964.9,0.34%
2000,VNM,CHL,ALL,440191.15,0.00%
2000,VNM,COL,ALL,3231282.36,0.01%
2000,VNM,ECU,ALL,133125.06,0.00%
2000,VNM,GUY,ALL,36997.03,0.00%
2000,VNM,PER,ALL,5130138.25,0.02%
2000,VNM,PRY,ALL,1350328.18,0.00%
2000,VNM,SUR,ALL,934612.74,0.00%
2000,VNM,URY,ALL,826252.94,0.00%
2000,VNM,VEN,ALL,2528233.06,0.01%
2001,VNM,BDI,ALL,5345.46,0.00%
2001,VNM,BEN,ALL,1136490.89,0.00%
2001,VNM,BFA,ALL,96471.87,0.00%
2001,VNM,CAF,ALL,27858.67,0.00%
2001,VNM,CIV,ALL,162021.3,0.00%
2001,VNM,COM,ALL,427021.9,0.00%
2001,VNM,CPV,ALL,189180.22,0.00%
2001,VNM,DZA,ALL,5361887,0.02%
2001,VNM,EGY,ALL,1213346.31,0.00%
2001,VNM,ETH,ALL,843057.88,0.00%
2001,VNM,GAB,ALL,57075.77,0.00%
2001,VNM,GHA,ALL,61353.83,0.00%
2001,VNM,GIN,ALL,95185.97,0.00%
2001,VNM,GMB,ALL,224838.05,0.00%
2001,VNM,KEN,ALL,3537588.77,0.01%
2001,VNM,MDG,ALL,173462,0.00%
2001,VNM,MLI,ALL,448408.9,0.00%
2001,VNM,MOZ,ALL,197322.71,0.00%
2001,VNM,MRT,ALL,42007.92,0.00%
2001,VNM,MUS,ALL,746606.25,0.00%
2001,VNM,MWI,ALL,98248.35,0.00%
2001,VNM,NER,ALL,126972.44,0.00%
2001,VNM,NGA,ALL,6726027.01,0.02%
2001,VNM,SDN,ALL,1561069.72,0.00%
2001,VNM,SEN,ALL,211790.9,0.00%
2001,VNM,TGO,ALL,828523,0.00%
2001,VNM,TUN,ALL,1270255.77,0.00%
2001,VNM,TZA,ALL,475211.94,0.00%
2001,VNM,UGA,ALL,19673,0.00%
2001,VNM,ZAF,ALL,1225584.29,0.00%
2001,VNM,ZMB,ALL,46527.89,0.00%
2001,VNM,AZE,ALL,155382.07,0.00%
2001,VNM,BGD,ALL,24114242.13,0.07%
2001,VNM,BHR,ALL,1356395.16,0.00%
2001,VNM,BRN,ALL,45632,0.00%
2001,VNM,CHN,ALL,139663597.2,0.40%
2001,VNM,GEO,ALL,109661,0.00%
2001,VNM,HKG,ALL,35539477.62,0.10%
2001,VNM,IDN,ALL,2039762.78,0.01%
2001,VNM,IND,ALL,3643195.49,0.01%
2001,VNM,JPN,ALL,220848351.4,0.64%
2001,VNM,KGZ,ALL,19250,0.00%
2001,VNM,KHM,ALL,2548921.62,0.01%
2001,VNM,KWT,ALL,29984.09,0.00%
2001,VNM,LBN,ALL,21131491.72,0.06%
2001,VNM,MAC,ALL,638286,0.00%
2001,VNM,MYS,ALL,972455.63,0.00%
2001,VNM,SAU,ALL,16064397.07,0.05%
2001,VNM,SGP,ALL,2932455.33,0.01%
2001,VNM,THA,ALL,23406266.88,0.07%
2001,VNM,TUR,ALL,5339562.79,0.02%
2001,VNM,ALB,ALL,378187.23,0.00%
2001,VNM,AND,ALL,83448.77,0.00%
2001,VNM,AUT,ALL,1820800.09,0.01%
2001,VNM,BGR,ALL,2607115.76,0.01%
2001,VNM,BLR,ALL,271862.3,0.00%
2001,VNM,BLX,ALL,2874676.67,0.01%
2001,VNM,CHE,ALL,805019.81,0.00%
2001,VNM,CZE,ALL,488449.08,0.00%
2001,VNM,DEU,ALL,22980726.1,0.07%
2001,VNM,DNK,ALL,3666396.15,0.01%
2001,VNM,ESP,ALL,12254393,0.04%
2001,VNM,EST,ALL,143367.22,0.00%
2001,VNM,FIN,ALL,193838.19,0.00%
2001,VNM,FRA,ALL,9388773.57,0.03%
2001,VNM,GBR,ALL,2023654.22,0.01%
2001,VNM,GRC,ALL,150155.05,0.00%
2001,VNM,HRV,ALL,564993.05,0.00%
2001,VNM,HUN,ALL,508046.64,0.00%
2001,VNM,IRL,ALL,8868038.8,0.03%
2001,VNM,ITA,ALL,2521431.57,0.01%
2001,VNM,LTU,ALL,1249832.26,0.00%
2001,VNM,MDA,ALL,51300.63,0.00%
2001,VNM,MKD,ALL,8007,0.00%
2001,VNM,NLD,ALL,10724403.32,0.03%
2001,VNM,POL,ALL,8268743.31,0.02%
2001,VNM,PRT,ALL,1340,0.00%
2001,VNM,ROU,ALL,859601.49,0.00%
2001,VNM,RUS,ALL,16499444.35,0.05%
2001,VNM,SVK,ALL,282860.93,0.00%
2001,VNM,SVN,ALL,2493257.37,0.01%
2001,VNM,SWE,ALL,1432293.4,0.00%
2001,VNM,UKR,ALL,10743271.85,0.03%
2001,VNM,YUG,ALL,191861.16,0.00%
2001,VNM,BHS,ALL,148646.27,0.00%
2001,VNM,BLZ,ALL,85948.83,0.00%
2001,VNM,BRB,ALL,1457,0.00%
2001,VNM,CAN,ALL,84319.42,0.00%
2001,VNM,CRI,ALL,2952988.27,0.01%
2001,VNM,CUB,ALL,2475875.41,0.01%
2001,VNM,DMA,ALL,34443.38,0.00%
2001,VNM,GRD,ALL,16407.12,0.00%
2001,VNM,GTM,ALL,11414571.47,0.03%
2001,VNM,HND,ALL,2609501.19,0.01%
2001,VNM,JAM,ALL,965125.97,0.00%
2001,VNM,KNA,ALL,25347.47,0.00%
2001,VNM,LCA,ALL,283332.27,0.00%
2001,VNM,MEX,ALL,90196330.56,0.26%
2001,VNM,NIC,ALL,11907424.09,0.03%
2001,VNM,SLV,ALL,162082.43,0.00%
2001,VNM,TTO,ALL,1584378.94,0.00%
2001,VNM,USA,ALL,26662,0.00%
2001,VNM,VCT,ALL,31070.82,0.00%
2001,VNM,AUS,ALL,2187840.21,0.01%
2001,VNM,NCL,ALL,16748,0.00%
2001,VNM,PNG,ALL,227243.37,0.00%
2001,VNM,PYF,ALL,86079.67,0.00%
2001,VNM,WLF,ALL,59769.07,0.00%
2001,VNM,BOL,ALL,1110811.68,0.00%
2001,VNM,BRA,ALL,61463495.45,0.18%
2001,VNM,CHL,ALL,25379567.75,0.07%
2001,VNM,COL,ALL,5614510.01,0.02%
2001,VNM,ECU,ALL,9662310.72,0.03%
2001,VNM,GUY,ALL,18056.09,0.00%
2001,VNM,PER,ALL,1074760.98,0.00%
2001,VNM,PRY,ALL,4680992.46,0.01%
2001,VNM,SUR,ALL,1330154.21,0.00%
2001,VNM,URY,ALL,1345514.35,0.00%
2001,VNM,VEN,ALL,32145,0.00%
2002,VNM,BEN,ALL,682903.35,0.00%
2002,VNM,BFA,ALL,67086.9,0.00%
2002,VNM,CAF,ALL,10134,0.00%
2002,VNM,CIV,ALL,35982.58,0.00%
2002,VNM,CMR,ALL,8924.36,0.00%
2002,VNM,COM,ALL,284929.54,0.00%
2002,VNM,CPV,ALL,11803,0.00%
2002,VNM,DZA,ALL,10568952,0.03%
2002,VNM,EGY,ALL,569947.51,0.00%
2002,VNM,ETH,ALL,2068853.95,0.01%
2002,VNM,GHA,ALL,44120.6,0.00%
2002,VNM,GIN,ALL,790745.46,0.00%
2002,VNM,KEN,ALL,2545119.48,0.01%
2002,VNM,MDG,ALL,31483.99,0.00%
2002,VNM,MLI,ALL,443054.09,0.00%
2002,VNM,MOZ,ALL,170648.63,0.00%
2002,VNM,MRT,ALL,83950.37,0.00%
2002,VNM,MUS,ALL,472582.44,0.00%
2002,VNM,NER,ALL,57753.77,0.00%
2002,VNM,NGA,ALL,10455344.38,0.03%
2002,VNM,SDN,ALL,583340.61,0.00%
2002,VNM,SEN,ALL,94079.83,0.00%
2002,VNM,TGO,ALL,258639.78,0.00%
2002,VNM,TUN,ALL,1007171.34,0.00%
2002,VNM,TZA,ALL,312113.93,0.00%
2002,VNM,UGA,ALL,190525.91,0.00%
2002,VNM,ZAF,ALL,1265218.64,0.00%
2002,VNM,ZMB,ALL,4660,0.00%
2002,VNM,AZE,ALL,8393.12,0.00%
2002,VNM,BGD,ALL,18695931.26,0.05%
2002,VNM,BHR,ALL,324313.67,0.00%
2002,VNM,BRN,ALL,97091.16,0.00%
2002,VNM,CHN,ALL,253114043.1,0.73%
2002,VNM,GEO,ALL,371422,0.00%
2002,VNM,HKG,ALL,21410467.8,0.06%
2002,VNM,IDN,ALL,2709565.1,0.01%
2002,VNM,IND,ALL,4769995.93,0.01%
2002,VNM,IRN,ALL,57823,0.00%
2002,VNM,ISR,ALL,2882.56,0.00%
2002,VNM,JOR,ALL,107884,0.00%
2002,VNM,JPN,ALL,231549532.4,0.67%
2002,VNM,KGZ,ALL,1528,0.00%
2002,VNM,KHM,ALL,1997873.36,0.01%
2002,VNM,LBN,ALL,7272063.69,0.02%
2002,VNM,LKA,ALL,97902.75,0.00%
2002,VNM,MAC,ALL,7347,0.00%
2002,VNM,MYS,ALL,22543.16,0.00%
2002,VNM,SAU,ALL,61333936.07,0.18%
2002,VNM,SGP,ALL,763871.75,0.00%
2002,VNM,THA,ALL,42180515.42,0.12%
2002,VNM,TUR,ALL,2380890.73,0.01%
2002,VNM,ALB,ALL,575260.83,0.00%
2002,VNM,AND,ALL,208738,0.00%
2002,VNM,AUT,ALL,1345732.99,0.00%
2002,VNM,BGR,ALL,2597776.75,0.01%
2002,VNM,BLR,ALL,100340.93,0.00%
2002,VNM,BLX,ALL,1511269.95,0.00%
2002,VNM,CHE,ALL,892690.52,0.00%
2002,VNM,CZE,ALL,879292.52,0.00%
2002,VNM,DEU,ALL,28772159.7,0.08%
2002,VNM,DNK,ALL,2955105.24,0.01%
2002,VNM,ESP,ALL,10172489.42,0.03%
2002,VNM,EST,ALL,66528.35,0.00%
2002,VNM,FIN,ALL,27830.35,0.00%
2002,VNM,FRA,ALL,6175598.15,0.02%
2002,VNM,GBR,ALL,1689294.39,0.00%
2002,VNM,GRC,ALL,181508.51,0.00%
2002,VNM,HRV,ALL,562140.85,0.00%
2002,VNM,HUN,ALL,1130879.83,0.00%
2002,VNM,IRL,ALL,2290464.42,0.01%
2002,VNM,ITA,ALL,3227353.37,0.01%
2002,VNM,LTU,ALL,403925.56,0.00%
2002,VNM,LVA,ALL,3406,0.00%
2002,VNM,MDA,ALL,51361.11,0.00%
2002,VNM,MKD,ALL,15791.52,0.00%
2002,VNM,NLD,ALL,6095702.01,0.02%
2002,VNM,POL,ALL,7978953.06,0.02%
2002,VNM,PRT,ALL,21803,0.00%
2002,VNM,ROU,ALL,1591750.62,0.00%
2002,VNM,RUS,ALL,10823414.19,0.03%
2002,VNM,SVK,ALL,827783.42,0.00%
2002,VNM,SVN,ALL,1694042.53,0.00%
2002,VNM,SWE,ALL,28823.12,0.00%
2002,VNM,UKR,ALL,5842120.46,0.02%
2002,VNM,YUG,ALL,476545.36,0.00%
2002,VNM,BHS,ALL,15261.04,0.00%
2002,VNM,BLZ,ALL,147656,0.00%
2002,VNM,CAN,ALL,27034.51,0.00%
2002,VNM,CRI,ALL,2090049.2,0.01%
2002,VNM,CUB,ALL,1764575.07,0.01%
2002,VNM,DMA,ALL,29740.51,0.00%
2002,VNM,DOM,ALL,46923354.01,0.13%
2002,VNM,HND,ALL,2956306.22,0.01%
2002,VNM,JAM,ALL,943888.98,0.00%
2002,VNM,KNA,ALL,6380.67,0.00%
2002,VNM,MEX,ALL,33588094.07,0.10%
2002,VNM,NIC,ALL,7146462.78,0.02%
2002,VNM,SLV,ALL,2031851.43,0.01%
2002,VNM,TTO,ALL,2284688.41,0.01%
2002,VNM,USA,ALL,14684,0.00%
2002,VNM,VCT,ALL,16651.98,0.00%
2002,VNM,AUS,ALL,1632811.91,0.00%
2002,VNM,FJI,ALL,44522.18,0.00%
2002,VNM,NCL,ALL,167419,0.00%
2002,VNM,PNG,ALL,15886.48,0.00%
2002,VNM,PYF,ALL,17886,0.00%
2002,VNM,WLF,ALL,118788.6,0.00%
2002,VNM,WSM,ALL,70650.15,0.00%
2002,VNM,ARG,ALL,10078.84,0.00%
2002,VNM,BOL,ALL,1485198.69,0.00%
2002,VNM,BRA,ALL,70872322.36,0.20%
2002,VNM,CHL,ALL,10637957.55,0.03%
2002,VNM,COL,ALL,4556580.52,0.01%
2002,VNM,ECU,ALL,188373.44,0.00%
2002,VNM,GUY,ALL,22982.03,0.00%
2002,VNM,PER,ALL,11804790.62,0.03%
2002,VNM,PRY,ALL,2923084.97,0.01%
2002,VNM,SUR,ALL,662217.95,0.00%
2002,VNM,URY,ALL,215191.31,0.00%
2002,VNM,VEN,ALL,930358.57,0.00%
2003,VNM,BEN,ALL,524670.35,0.00%
2003,VNM,BFA,ALL,20449.44,0.00%
2003,VNM,CAF,ALL,1375,0.00%
2003,VNM,CIV,ALL,15198,0.00%
2003,VNM,CMR,ALL,150067.09,0.00%
2003,VNM,COM,ALL,396703,0.00%
2003,VNM,CPV,ALL,60304.44,0.00%
2003,VNM,DZA,ALL,4149270,0.01%
2003,VNM,EGY,ALL,14523228.15,0.04%
2003,VNM,ERI,ALL,28669.23,0.00%
2003,VNM,ETH,ALL,1452518.15,0.00%
2003,VNM,GAB,ALL,100471.46,0.00%
2003,VNM,GHA,ALL,4073367.89,0.01%
2003,VNM,KEN,ALL,2062412.05,0.01%
2003,VNM,MDG,ALL,91242.2,0.00%
2003,VNM,MLI,ALL,227359,0.00%
2003,VNM,MOZ,ALL,47305,0.00%
2003,VNM,MRT,ALL,66210.16,0.00%
2003,VNM,MUS,ALL,918364.76,0.00%
2003,VNM,NER,ALL,208166.06,0.00%
2003,VNM,NGA,ALL,17613332.19,0.05%
2003,VNM,SDN,ALL,177693.93,0.00%
2003,VNM,SEN,ALL,302582.44,0.00%
2003,VNM,STP,ALL,3100,0.00%
2003,VNM,SYC,ALL,7156,0.00%
2003,VNM,TGO,ALL,1750483.62,0.01%
2003,VNM,TUN,ALL,930641.21,0.00%
2003,VNM,TZA,ALL,364361.32,0.00%
2003,VNM,UGA,ALL,93133.32,0.00%
2003,VNM,ZAF,ALL,536418.87,0.00%
2003,VNM,ZMB,ALL,13694,0.00%
2003,VNM,ARM,ALL,54196.76,0.00%
2003,VNM,AZE,ALL,588750.72,0.00%
2003,VNM,BGD,ALL,6632194.98,0.02%
2003,VNM,BRN,ALL,5529.3,0.00%
2003,VNM,CHN,ALL,373113955.1,1.10%
2003,VNM,GEO,ALL,52010,0.00%
2003,VNM,HKG,ALL,15992750.25,0.05%
2003,VNM,IDN,ALL,394712.42,0.00%
2003,VNM,IND,ALL,1003346.36,0.00%
2003,VNM,JOR,ALL,524934,0.00%
2003,VNM,JPN,ALL,171246309.7,0.49%
2003,VNM,KGZ,ALL,32570.33,0.00%
2003,VNM,KHM,ALL,2456793.34,0.01%
2003,VNM,LBN,ALL,3750006.33,0.01%
2003,VNM,LKA,ALL,62356.64,0.00%
2003,VNM,MNG,ALL,50333,0.00%
2003,VNM,MYS,ALL,33084.41,0.00%
2003,VNM,NPL,ALL,1162500.79,0.00%
2003,VNM,PAK,ALL,12468.91,0.00%
2003,VNM,PHL,ALL,1358,0.00%
2003,VNM,SAU,ALL,3600,0.00%
2003,VNM,SGP,ALL,941781.49,0.00%
2003,VNM,SYR,ALL,530670.7,0.00%
2003,VNM,THA,ALL,49037954.31,0.14%
2003,VNM,TUR,ALL,2419341.43,0.01%
2003,VNM,ALB,ALL,322882.13,0.00%
2003,VNM,AND,ALL,82357,0.00%
2003,VNM,AUT,ALL,1453533.02,0.00%
2003,VNM,BGR,ALL,2491235.21,0.01%
2003,VNM,BIH,ALL,1020432.57,0.00%
2003,VNM,BLR,ALL,76943.3,0.00%
2003,VNM,BLX,ALL,1369019,0.00%
2003,VNM,CHE,ALL,875065.66,0.00%
2003,VNM,CZE,ALL,2731002.36,0.01%
2003,VNM,DEU,ALL,21699164.58,0.06%
2003,VNM,DNK,ALL,2170445.68,0.01%
2003,VNM,ESP,ALL,8391461.1,0.02%
2003,VNM,EST,ALL,219913.95,0.00%
2003,VNM,FIN,ALL,390965.87,0.00%
2003,VNM,FRA,ALL,7738581.67,0.02%
2003,VNM,GBR,ALL,281625.78,0.00%
2003,VNM,GRC,ALL,80464,0.00%
2003,VNM,HRV,ALL,1027029.83,0.00%
2003,VNM,HUN,ALL,1740958.64,0.01%
2003,VNM,IRL,ALL,6332249.59,0.02%
2003,VNM,ITA,ALL,3531560.06,0.01%
2003,VNM,LTU,ALL,420696.22,0.00%
2003,VNM,LVA,ALL,5727,0.00%
2003,VNM,MDA,ALL,25278.3,0.00%
2003,VNM,MKD,ALL,49994,0.00%
2003,VNM,NLD,ALL,2139821.49,0.01%
2003,VNM,POL,ALL,5738267.21,0.02%
2003,VNM,PRT,ALL,16086,0.00%
2003,VNM,ROU,ALL,2765259.14,0.01%
2003,VNM,RUS,ALL,2906913.56,0.01%
2003,VNM,SVK,ALL,1714475.35,0.00%
2003,VNM,SVN,ALL,3600915.4,0.01%
2003,VNM,SWE,ALL,365982.23,0.00%
2003,VNM,UKR,ALL,5348743,0.02%
2003,VNM,BLZ,ALL,75094.52,0.00%
2003,VNM,BRB,ALL,43884.16,0.00%
2003,VNM,CAN,ALL,39180.91,0.00%
2003,VNM,CRI,ALL,1667381.02,0.00%
2003,VNM,CUB,ALL,6151956.26,0.02%
2003,VNM,DMA,ALL,17979.53,0.00%
2003,VNM,DOM,ALL,14747317.31,0.04%
2003,VNM,GRD,ALL,4765,0.00%
2003,VNM,GRL,ALL,28369,0.00%
2003,VNM,HND,ALL,5468134.15,0.02%
2003,VNM,JAM,ALL,727877.11,0.00%
2003,VNM,KNA,ALL,37420.94,0.00%
2003,VNM,MEX,ALL,24118898.33,0.07%
2003,VNM,NIC,ALL,4882052.28,0.01%
2003,VNM,SLV,ALL,4599474.28,0.01%
2003,VNM,TTO,ALL,2114994.83,0.01%
2003,VNM,USA,ALL,62972,0.00%
2003,VNM,VCT,ALL,26309.07,0.00%
2003,VNM,AUS,ALL,6571165.1,0.02%
2003,VNM,FJI,ALL,109575.28,0.00%
2003,VNM,NCL,ALL,271828.99,0.00%
2003,VNM,PNG,ALL,20417.6,0.00%
2003,VNM,PYF,ALL,55056.91,0.00%
2003,VNM,WLF,ALL,91968.32,0.00%
2003,VNM,WSM,ALL,53194.11,0.00%
2003,VNM,BOL,ALL,636988.15,0.00%
2003,VNM,BRA,ALL,64850962.38,0.19%
2003,VNM,CHL,ALL,3385427.51,0.01%
2003,VNM,COL,ALL,18008492.1,0.05%
2003,VNM,GUY,ALL,99904,0.00%
2003,VNM,PER,ALL,1938755.57,0.01%
2003,VNM,PRY,ALL,3596381.91,0.01%
2003,VNM,SUR,ALL,1842954.97,0.01%
2003,VNM,URY,ALL,223967.74,0.00%
2004,VNM,BEN,ALL,444240.92,0.00%
2004,VNM,BFA,ALL,925855.24,0.00%
2004,VNM,CAF,ALL,139691.15,0.00%
2004,VNM,CIV,ALL,277322.81,0.00%
2004,VNM,CMR,ALL,102927.74,0.00%
2004,VNM,COM,ALL,218003.11,0.00%
2004,VNM,DZA,ALL,9839247,0.03%
2004,VNM,EGY,ALL,18878129.2,0.05%
2004,VNM,ETH,ALL,122363.79,0.00%
2004,VNM,GAB,ALL,556063.33,0.00%
2004,VNM,GIN,ALL,227003.12,0.00%
2004,VNM,GNB,ALL,71363.75,0.00%
2004,VNM,KEN,ALL,2767269.05,0.01%
2004,VNM,MDG,ALL,250216.61,0.00%
2004,VNM,MLI,ALL,199087.9,0.00%
2004,VNM,MOZ,ALL,40233.55,0.00%
2004,VNM,MRT,ALL,78186,0.00%
2004,VNM,MUS,ALL,1307264.63,0.00%
2004,VNM,MWI,ALL,238381,0.00%
2004,VNM,NER,ALL,39193.53,0.00%
2004,VNM,SDN,ALL,708512.45,0.00%
2004,VNM,SEN,ALL,278840.5,0.00%
2004,VNM,STP,ALL,15629.13,0.00%
2004,VNM,SYC,ALL,1072102.11,0.00%
2004,VNM,TGO,ALL,237518.27,0.00%
2004,VNM,TUN,ALL,977419.84,0.00%
2004,VNM,TZA,ALL,411677.59,0.00%
2004,VNM,UGA,ALL,240906.43,0.00%
2004,VNM,ZAF,ALL,939673.58,0.00%
2004,VNM,ZMB,ALL,64979.64,0.00%
2004,VNM,ZWE,ALL,564553.1,0.00%
2004,VNM,AZE,ALL,152060.47,0.00%
2004,VNM,BGD,ALL,8370726.09,0.02%
2004,VNM,BRN,ALL,115492.11,0.00%
2004,VNM,CHN,ALL,549498793.9,1.60%
2004,VNM,CYP,ALL,336421.79,0.00%
2004,VNM,GEO,ALL,42835,0.00%
2004,VNM,HKG,ALL,19924751.48,0.06%
2004,VNM,IDN,ALL,6336767.33,0.02%
2004,VNM,IND,ALL,1472765.1,0.00%
2004,VNM,ISR,ALL,1000,0.00%
2004,VNM,JOR,ALL,219166,0.00%
2004,VNM,JPN,ALL,161233484.8,0.46%
2004,VNM,KGZ,ALL,17686.62,0.00%
2004,VNM,KHM,ALL,1111041,0.00%
2004,VNM,LBN,ALL,7591929.14,0.02%
2004,VNM,LKA,ALL,48469.55,0.00%
2004,VNM,MAC,ALL,7660,0.00%
2004,VNM,MNG,ALL,12268.18,0.00%
2004,VNM,MYS,ALL,12139.97,0.00%
2004,VNM,OMN,ALL,6689,0.00%
2004,VNM,PAK,ALL,9381883.79,0.03%
2004,VNM,SGP,ALL,1497429.12,0.00%
2004,VNM,THA,ALL,89044391.62,0.26%
2004,VNM,TUR,ALL,4999956.07,0.01%
2004,VNM,YEM,ALL,8421639.84,0.02%
2004,VNM,ALB,ALL,697751.82,0.00%
2004,VNM,AND,ALL,165773,0.00%
2004,VNM,AUT,ALL,1294115.32,0.00%
2004,VNM,BGR,ALL,2947802.92,0.01%
2004,VNM,BIH,ALL,494933.12,0.00%
2004,VNM,BLR,ALL,1832643.22,0.01%
2004,VNM,BLX,ALL,4980777.03,0.01%
2004,VNM,CHE,ALL,1004254.17,0.00%
2004,VNM,CZE,ALL,10292695.45,0.03%
2004,VNM,DEU,ALL,21748074.78,0.06%
2004,VNM,DNK,ALL,2157736.56,0.01%
2004,VNM,ESP,ALL,6615438.59,0.02%
2004,VNM,EST,ALL,625285.6,0.00%
2004,VNM,FIN,ALL,5697,0.00%
2004,VNM,FRA,ALL,26840106.72,0.08%
2004,VNM,GBR,ALL,657531.86,0.00%
2004,VNM,GRC,ALL,2690869.79,0.01%
2004,VNM,HRV,ALL,625213.56,0.00%
2004,VNM,HUN,ALL,404000,0.00%
2004,VNM,IRL,ALL,8942402.77,0.03%
2004,VNM,ITA,ALL,3886972.99,0.01%
2004,VNM,LTU,ALL,80623,0.00%
2004,VNM,MDA,ALL,24813.09,0.00%
2004,VNM,MKD,ALL,272942.06,0.00%
2004,VNM,NLD,ALL,8035891.67,0.02%
2004,VNM,POL,ALL,6915368.13,0.02%
2004,VNM,PRT,ALL,82440.1,0.00%
2004,VNM,ROU,ALL,1394484.07,0.00%
2004,VNM,RUS,ALL,4690071.79,0.01%
2004,VNM,SVK,ALL,450132.1,0.00%
2004,VNM,SVN,ALL,7385601.5,0.02%
2004,VNM,SWE,ALL,214791.61,0.00%
2004,VNM,UKR,ALL,2114187.93,0.01%
2004,VNM,YUG,ALL,1706277.02,0.00%
2004,VNM,BRB,ALL,6835,0.00%
2004,VNM,CAN,ALL,10814,0.00%
2004,VNM,CRI,ALL,3166582.81,0.01%
2004,VNM,CUB,ALL,13024545.04,0.04%
2004,VNM,DMA,ALL,1757.66,0.00%
2004,VNM,DOM,ALL,15426781.35,0.04%
2004,VNM,GRD,ALL,110145.12,0.00%
2004,VNM,GTM,ALL,2449484.7,0.01%
2004,VNM,HND,ALL,2512595.43,0.01%
2004,VNM,JAM,ALL,401058.27,0.00%
2004,VNM,KNA,ALL,32354.03,0.00%
2004,VNM,MEX,ALL,45996460.18,0.13%
2004,VNM,NIC,ALL,8677527.16,0.03%
2004,VNM,SLV,ALL,4871167.91,0.01%
2004,VNM,TTO,ALL,1179276.55,0.00%
2004,VNM,USA,ALL,1500879,0.00%
2004,VNM,VCT,ALL,4561,0.00%
2004,VNM,AUS,ALL,6319449.6,0.02%
2004,VNM,FJI,ALL,226749.25,0.00%
2004,VNM,NCL,ALL,61501,0.00%
2004,VNM,PNG,ALL,22192.63,0.00%
2004,VNM,PYF,ALL,4168,0.00%
2004,VNM,WLF,ALL,301051.64,0.00%
2004,VNM,WSM,ALL,98065.92,0.00%
2004,VNM,ARG,ALL,24104.87,0.00%
2004,VNM,BOL,ALL,669570,0.00%
2004,VNM,BRA,ALL,69139594.33,0.20%
2004,VNM,CHL,ALL,584752.86,0.00%
2004,VNM,COL,ALL,12983309.27,0.04%
2004,VNM,PER,ALL,1710453.37,0.00%
2004,VNM,PRY,ALL,8220108.43,0.02%
2004,VNM,SUR,ALL,1461277.68,0.00%
2004,VNM,URY,ALL,461609.65,0.00%
2004,VNM,VEN,ALL,259947,0.00%
2005,VNM,BDI,ALL,26071.46,0.00%
2005,VNM,BEN,ALL,2727503.44,0.01%
2005,VNM,BFA,ALL,155266.39,0.00%
2005,VNM,CAF,ALL,43679.17,0.00%
2005,VNM,CIV,ALL,284648.61,0.00%
2005,VNM,CMR,ALL,18444.93,0.00%
2005,VNM,COM,ALL,180153.07,0.00%
2005,VNM,CPV,ALL,91694,0.00%
2005,VNM,DZA,ALL,6035042,0.02%
2005,VNM,EGY,ALL,9354960.96,0.03%
2005,VNM,ETH,ALL,5607452,0.02%
2005,VNM,GAB,ALL,1239804.03,0.00%
2005,VNM,GHA,ALL,871937.82,0.00%
2005,VNM,GIN,ALL,436431.35,0.00%
2005,VNM,GNB,ALL,56482.71,0.00%
2005,VNM,KEN,ALL,3872108.14,0.01%
2005,VNM,MDG,ALL,44142.71,0.00%
2005,VNM,MLI,ALL,1022059.85,0.00%
2005,VNM,MOZ,ALL,505219.57,0.00%
2005,VNM,MRT,ALL,75414.95,0.00%
2005,VNM,MUS,ALL,1514710.21,0.00%
2005,VNM,MWI,ALL,50265.39,0.00%
2005,VNM,NER,ALL,149302,0.00%
2005,VNM,RWA,ALL,188291.5,0.00%
2005,VNM,SDN,ALL,324316.83,0.00%
2005,VNM,SEN,ALL,277732.86,0.00%
2005,VNM,SYC,ALL,1283672.06,0.00%
2005,VNM,TGO,ALL,881933.59,0.00%
2005,VNM,TUN,ALL,1836347.44,0.01%
2005,VNM,TZA,ALL,55445.42,0.00%
2005,VNM,UGA,ALL,3531834.47,0.01%
2005,VNM,ZAF,ALL,10328556,0.03%
2005,VNM,ZMB,ALL,311963.07,0.00%
2005,VNM,ZWE,ALL,62261.03,0.00%
2005,VNM,ARE,ALL,998678.43,0.00%
2005,VNM,AZE,ALL,691514.36,0.00%
2005,VNM,BGD,ALL,5706482.62,0.02%
2005,VNM,CHN,ALL,453596051.6,1.30%
2005,VNM,CYP,ALL,1403991.16,0.00%
2005,VNM,GEO,ALL,93812,0.00%
2005,VNM,HKG,ALL,14375300.21,0.04%
2005,VNM,IDN,ALL,8102025.24,0.02%
2005,VNM,IND,ALL,8071326.81,0.02%
2005,VNM,IRN,ALL,516713.69,0.00%
2005,VNM,JOR,ALL,211670,0.00%
2005,VNM,JPN,ALL,128286955.2,0.37%
2005,VNM,KAZ,ALL,1613799.72,0.00%
2005,VNM,KGZ,ALL,973958.18,0.00%
2005,VNM,KHM,ALL,3276940.14,0.01%
2005,VNM,LBN,ALL,7528126.96,0.02%
2005,VNM,LKA,ALL,41021,0.00%
2005,VNM,MAC,ALL,106805,0.00%
2005,VNM,MNG,ALL,32773.71,0.00%
2005,VNM,MYS,ALL,134363.35,0.00%
2005,VNM,PAK,ALL,12063239.79,0.04%
2005,VNM,QAT,ALL,21155705.79,0.06%
2005,VNM,SAU,ALL,35421929.12,0.10%
2005,VNM,SGP,ALL,6441628.63,0.02%
2005,VNM,SYR,ALL,782304.9,0.00%
2005,VNM,THA,ALL,130178155.4,0.37%
2005,VNM,TLS,ALL,4071,0.00%
2005,VNM,TUR,ALL,2773190.98,0.01%
2005,VNM,YEM,ALL,2393902.38,0.01%
2005,VNM,ALB,ALL,358094.75,0.00%
2005,VNM,AUT,ALL,722096.16,0.00%
2005,VNM,BGR,ALL,4564067.52,0.01%
2005,VNM,BIH,ALL,804538.14,0.00%
2005,VNM,BLR,ALL,2067537.45,0.01%
2005,VNM,BLX,ALL,349783.36,0.00%
2005,VNM,CHE,ALL,1318701.34,0.00%
2005,VNM,CZE,ALL,4123707.9,0.01%
2005,VNM,DEU,ALL,27811902.63,0.08%
2005,VNM,DNK,ALL,1692727.37,0.00%
2005,VNM,ESP,ALL,13740842.04,0.04%
2005,VNM,EST,ALL,263091.3,0.00%
2005,VNM,FIN,ALL,156347,0.00%
2005,VNM,FRA,ALL,29832615.19,0.09%
2005,VNM,GBR,ALL,1797558.56,0.01%
2005,VNM,GRC,ALL,883103.12,0.00%
2005,VNM,HRV,ALL,462519.27,0.00%
2005,VNM,HUN,ALL,270000,0.00%
2005,VNM,IRL,ALL,9211811.07,0.03%
2005,VNM,ITA,ALL,683738.34,0.00%
2005,VNM,LTU,ALL,33283.84,0.00%
2005,VNM,MDA,ALL,34050.04,0.00%
2005,VNM,MKD,ALL,664131.04,0.00%
2005,VNM,NLD,ALL,3579322.19,0.01%
2005,VNM,POL,ALL,29448810.2,0.09%
2005,VNM,PRT,ALL,36223,0.00%
2005,VNM,ROU,ALL,2354233.45,0.01%
2005,VNM,RUS,ALL,6810603.72,0.02%
2005,VNM,SRB,ALL,1533131.58,0.00%
2005,VNM,SVK,ALL,355983.19,0.00%
2005,VNM,SVN,ALL,4051881.78,0.01%
2005,VNM,SWE,ALL,212713,0.00%
2005,VNM,UKR,ALL,2071364.67,0.01%
2005,VNM,ATG,ALL,1311463.26,0.00%
2005,VNM,BRB,ALL,1127107.52,0.00%
2005,VNM,CAN,ALL,20427.42,0.00%
2005,VNM,CRI,ALL,2205486.27,0.01%
2005,VNM,CUB,ALL,2912519.04,0.01%
2005,VNM,DMA,ALL,3939,0.00%
2005,VNM,DOM,ALL,55647836.39,0.16%
2005,VNM,GRD,ALL,65306.77,0.00%
2005,VNM,GTM,ALL,8319501.57,0.02%
2005,VNM,HND,ALL,6001420.51,0.02%
2005,VNM,JAM,ALL,1713583.36,0.00%
2005,VNM,KNA,ALL,23827.15,0.00%
2005,VNM,MEX,ALL,66982862.5,0.19%
2005,VNM,NIC,ALL,5670137.44,0.02%
2005,VNM,SLV,ALL,6382091.31,0.02%
2005,VNM,TTO,ALL,3365161.99,0.01%
2005,VNM,USA,ALL,3289,0.00%
2005,VNM,VCT,ALL,77670.63,0.00%
2005,VNM,AUS,ALL,9741221.81,0.03%
2005,VNM,FJI,ALL,140692.24,0.00%
2005,VNM,NCL,ALL,799499.69,0.00%
2005,VNM,PYF,ALL,100704.78,0.00%
2005,VNM,WLF,ALL,91260.47,0.00%
2005,VNM,WSM,ALL,55125.49,0.00%
2005,VNM,BOL,ALL,306855.47,0.00%
2005,VNM,BRA,ALL,69942990.69,0.20%
2005,VNM,CHL,ALL,185223.2,0.00%
2005,VNM,COL,ALL,2585593.78,0.01%
2005,VNM,ECU,ALL,85662,0.00%
2005,VNM,GUY,ALL,39881.23,0.00%
2005,VNM,PER,ALL,2317372.06,0.01%
2005,VNM,PRY,ALL,10334996.77,0.03%
2005,VNM,SUR,ALL,2834902.42,0.01%
2005,VNM,URY,ALL,315790.04,0.00%
2005,VNM,VEN,ALL,5534778.07,0.02%
2006,VNM,BDI,ALL,73678.48,0.00%
2006,VNM,BEN,ALL,274064.4,0.00%
2006,VNM,CIV,ALL,4596,0.00%
2006,VNM,COM,ALL,392405.46,0.00%
2006,VNM,CPV,ALL,50745,0.00%
2006,VNM,DZA,ALL,3242522,0.01%
2006,VNM,EGY,ALL,2126108.25,0.01%
2006,VNM,ETH,ALL,3866334.47,0.01%
2006,VNM,GAB,ALL,1741588.63,0.01%
2006,VNM,GHA,ALL,407612,0.00%
2006,VNM,GIN,ALL,69315.15,0.00%
2006,VNM,KEN,ALL,932998.26,0.00%
2006,VNM,MDG,ALL,147581.51,0.00%
2006,VNM,MLI,ALL,90144.04,0.00%
2006,VNM,MOZ,ALL,123628.88,0.00%
2006,VNM,MRT,ALL,121368.96,0.00%
2006,VNM,MUS,ALL,653661.18,0.00%
2006,VNM,MWI,ALL,1026857.3,0.00%
2006,VNM,NER,ALL,762580.98,0.00%
2006,VNM,NGA,ALL,62705293.69,0.18%
2006,VNM,RWA,ALL,660193.16,0.00%
2006,VNM,SDN,ALL,1598992.54,0.00%
2006,VNM,SEN,ALL,240083.06,0.00%
2006,VNM,SYC,ALL,1618936.5,0.00%
2006,VNM,TUN,ALL,4448119.61,0.01%
2006,VNM,TZA,ALL,9160,0.00%
2006,VNM,UGA,ALL,1573181.95,0.00%
2006,VNM,ZAF,ALL,1329255,0.00%
2006,VNM,ZMB,ALL,96360.36,0.00%
2006,VNM,ZWE,ALL,288573.92,0.00%
2006,VNM,AZE,ALL,145323,0.00%
2006,VNM,BGD,ALL,3349957.32,0.01%
2006,VNM,BHR,ALL,42432.26,0.00%
2006,VNM,BRN,ALL,71471.03,0.00%
2006,VNM,BTN,ALL,14780,0.00%
2006,VNM,CHN,ALL,400140046.2,1.20%
2006,VNM,CYP,ALL,96917.97,0.00%
2006,VNM,GEO,ALL,344853,0.00%
2006,VNM,HKG,ALL,9999455.16,0.03%
2006,VNM,IDN,ALL,538080.65,0.00%
2006,VNM,IND,ALL,471521874.8,1.40%
2006,VNM,JOR,ALL,261181,0.00%
2006,VNM,JPN,ALL,75216461.03,0.22%
2006,VNM,KAZ,ALL,1110141.91,0.00%
2006,VNM,KGZ,ALL,50126.37,0.00%
2006,VNM,KHM,ALL,4171444.7,0.01%
2006,VNM,LBN,ALL,5528157.61,0.02%
2006,VNM,LKA,ALL,445953.9,0.00%
2006,VNM,MNG,ALL,58756.72,0.00%
2006,VNM,MYS,ALL,422800.98,0.00%
2006,VNM,PAK,ALL,13283373.97,0.04%
2006,VNM,QAT,ALL,6683566.89,0.02%
2006,VNM,SAU,ALL,28690256.81,0.08%
2006,VNM,SGP,ALL,6180241.32,0.02%
2006,VNM,SYR,ALL,336086.16,0.00%
2006,VNM,THA,ALL,144342884.1,0.42%
2006,VNM,TUR,ALL,2710870.54,0.01%
2006,VNM,YEM,ALL,3750102.48,0.01%
2006,VNM,ALB,ALL,138588.19,0.00%
2006,VNM,AUT,ALL,1090083.55,0.00%
2006,VNM,BGR,ALL,3229551.73,0.01%
2006,VNM,BIH,ALL,540307.25,0.00%
2006,VNM,BLR,ALL,1895446.17,0.01%
2006,VNM,BLX,ALL,565393.41,0.00%
2006,VNM,CHE,ALL,794386.21,0.00%
2006,VNM,CZE,ALL,3374038.07,0.01%
2006,VNM,DEU,ALL,16887897.29,0.05%
2006,VNM,DNK,ALL,2780309.75,0.01%
2006,VNM,ESP,ALL,11403758.01,0.03%
2006,VNM,EST,ALL,378392.37,0.00%
2006,VNM,FIN,ALL,430664.99,0.00%
2006,VNM,FRA,ALL,7324873.34,0.02%
2006,VNM,GBR,ALL,1586295.66,0.00%
2006,VNM,GRC,ALL,79747725.93,0.23%
2006,VNM,HRV,ALL,819883.76,0.00%
2006,VNM,HUN,ALL,163000,0.00%
2006,VNM,IRL,ALL,336239.83,0.00%
2006,VNM,ITA,ALL,1496690.11,0.00%
2006,VNM,LTU,ALL,17308.3,0.00%
2006,VNM,MDA,ALL,40244.51,0.00%
2006,VNM,MKD,ALL,1281116.37,0.00%
2006,VNM,MNE,ALL,88741,0.00%
2006,VNM,NLD,ALL,32581126.92,0.09%
2006,VNM,POL,ALL,13361977.84,0.04%
2006,VNM,PRT,ALL,56286,0.00%
2006,VNM,ROU,ALL,1290128.16,0.00%
2006,VNM,RUS,ALL,19739891.94,0.06%
2006,VNM,SRB,ALL,1383521.37,0.00%
2006,VNM,SVK,ALL,1115070.06,0.00%
2006,VNM,SVN,ALL,3954178.23,0.01%
2006,VNM,SWE,ALL,1018995.75,0.00%
2006,VNM,UKR,ALL,1867136.53,0.01%
2006,VNM,ATG,ALL,266832.89,0.00%
2006,VNM,BLZ,ALL,18174,0.00%
2006,VNM,BRB,ALL,1479066.27,0.00%
2006,VNM,CAN,ALL,43075.53,0.00%
2006,VNM,CRI,ALL,2783199.94,0.01%
2006,VNM,CUB,ALL,2567237.46,0.01%
2006,VNM,DMA,ALL,9068.25,0.00%
2006,VNM,DOM,ALL,46645272.42,0.13%
2006,VNM,GRD,ALL,270710.5,0.00%
2006,VNM,GRL,ALL,5424,0.00%
2006,VNM,GTM,ALL,2263014.72,0.01%
2006,VNM,HND,ALL,5888417.37,0.02%
2006,VNM,JAM,ALL,2241814.95,0.01%
2006,VNM,KNA,ALL,44143.27,0.00%
2006,VNM,LCA,ALL,72754.22,0.00%
2006,VNM,MEX,ALL,51306977.74,0.15%
2006,VNM,MSR,ALL,21303.85,0.00%
2006,VNM,NIC,ALL,2336087.49,0.01%
2006,VNM,SLV,ALL,5413322.48,0.02%
2006,VNM,TTO,ALL,1747495.74,0.01%
2006,VNM,VCT,ALL,111885.26,0.00%
2006,VNM,AUS,ALL,11006197.08,0.03%
2006,VNM,FJI,ALL,18518.06,0.00%
2006,VNM,NCL,ALL,291117.28,0.00%
2006,VNM,PYF,ALL,52353.26,0.00%
2006,VNM,VUT,ALL,64217.23,0.00%
2006,VNM,WLF,ALL,275519.29,0.00%
2006,VNM,WSM,ALL,88429.71,0.00%
2006,VNM,BOL,ALL,329068.48,0.00%
2006,VNM,BRA,ALL,88670244.92,0.26%
2006,VNM,CHL,ALL,318488.08,0.00%
2006,VNM,COL,ALL,8356257.72,0.02%
2006,VNM,ECU,ALL,263945.45,0.00%
2006,VNM,PER,ALL,1274616.71,0.00%
2006,VNM,PRY,ALL,22210323.96,0.06%
2006,VNM,SUR,ALL,2863814.24,0.01%
2006,VNM,URY,ALL,418117.04,0.00%
2007,VNM,BDI,ALL,29575.35,0.00%
2007,VNM,BEN,ALL,5041918.94,0.02%
2007,VNM,BFA,ALL,6567818.34,0.02%
2007,VNM,CAF,ALL,27753.88,0.00%
2007,VNM,CIV,ALL,117403.74,0.00%
2007,VNM,CMR,ALL,22941,0.00%
2007,VNM,COG,ALL,14033,0.00%
2007,VNM,COM,ALL,160625,0.00%
2007,VNM,CPV,ALL,38236,0.00%
2007,VNM,DZA,ALL,19500454,0.06%
2007,VNM,EGY,ALL,284054.23,0.00%
2007,VNM,ETH,ALL,10118091.97,0.03%
2007,VNM,GAB,ALL,2945181.72,0.01%
2007,VNM,GHA,ALL,198766.88,0.00%
2007,VNM,GIN,ALL,276107.32,0.00%
2007,VNM,KEN,ALL,609561.79,0.00%
2007,VNM,MDG,ALL,450577.75,0.00%
2007,VNM,MLI,ALL,374180.8,0.00%
2007,VNM,MOZ,ALL,179023.25,0.00%
2007,VNM,MRT,ALL,248437.44,0.00%
2007,VNM,MUS,ALL,1992440.75,0.01%
2007,VNM,MWI,ALL,118326.68,0.00%
2007,VNM,NER,ALL,6175482.18,0.02%
2007,VNM,NGA,ALL,52511015.22,0.15%
2007,VNM,RWA,ALL,98242.08,0.00%
2007,VNM,SDN,ALL,17799.39,0.00%
2007,VNM,SEN,ALL,384920.45,0.00%
2007,VNM,SYC,ALL,3680901.85,0.01%
2007,VNM,TGO,ALL,11053.83,0.00%
2007,VNM,TUN,ALL,1021788.16,0.00%
2007,VNM,TZA,ALL,1342540.12,0.00%
2007,VNM,UGA,ALL,965245.9,0.00%
2007,VNM,ZAF,ALL,2994757,0.01%
2007,VNM,ZMB,ALL,113126.5,0.00%
2007,VNM,ZWE,ALL,256677.62,0.00%
2007,VNM,ARE,ALL,47033.21,0.00%
2007,VNM,ARM,ALL,48930,0.00%
2007,VNM,BGD,ALL,1283115.53,0.00%
2007,VNM,BTN,ALL,1155,0.00%
2007,VNM,CHN,ALL,521201927.9,1.50%
2007,VNM,CYP,ALL,151144.42,0.00%
2007,VNM,GEO,ALL,456269,0.00%
2007,VNM,HKG,ALL,17835615.72,0.05%
2007,VNM,IDN,ALL,2623803.21,0.01%
2007,VNM,IND,ALL,157320734.3,0.45%
2007,VNM,ISR,ALL,20000,0.00%
2007,VNM,KAZ,ALL,904771.56,0.00%
2007,VNM,KGZ,ALL,48531.14,0.00%
2007,VNM,KHM,ALL,185098.29,0.00%
2007,VNM,LBN,ALL,4516884.68,0.01%
2007,VNM,LKA,ALL,368081.41,0.00%
2007,VNM,MNG,ALL,116193.2,0.00%
2007,VNM,MYS,ALL,796280.59,0.00%
2007,VNM,PAK,ALL,18100472.48,0.05%
2007,VNM,PSE,ALL,6258950.73,0.02%
2007,VNM,QAT,ALL,5194057.56,0.02%
2007,VNM,SAU,ALL,30524208.58,0.09%
2007,VNM,SGP,ALL,904713.89,0.00%
2007,VNM,SYR,ALL,44946347.11,0.13%
2007,VNM,THA,ALL,33273124.36,0.10%
2007,VNM,TUR,ALL,1502181.31,0.00%
2007,VNM,YEM,ALL,1573280.24,0.00%
2007,VNM,ALB,ALL,191219,0.00%
2007,VNM,AUT,ALL,1766102.86,0.01%
2007,VNM,BGR,ALL,11121720.84,0.03%
2007,VNM,BIH,ALL,812562.53,0.00%
2007,VNM,BLR,ALL,2309934.64,0.01%
2007,VNM,BLX,ALL,1039893.39,0.00%
2007,VNM,CHE,ALL,428599.7,0.00%
2007,VNM,CZE,ALL,4759836.55,0.01%
2007,VNM,DEU,ALL,15069253.72,0.04%
2007,VNM,DNK,ALL,1344332.65,0.00%
2007,VNM,ESP,ALL,5366637.05,0.02%
2007,VNM,EST,ALL,629656.53,0.00%
2007,VNM,FIN,ALL,2125677.92,0.01%
2007,VNM,FRA,ALL,12406792.32,0.04%
2007,VNM,GBR,ALL,4605692.92,0.01%
2007,VNM,GRC,ALL,445836.68,0.00%
2007,VNM,HRV,ALL,386247.51,0.00%
2007,VNM,IRL,ALL,3243801.66,0.01%
2007,VNM,ITA,ALL,670144.32,0.00%
2007,VNM,LTU,ALL,101011.93,0.00%
2007,VNM,MDA,ALL,289495.55,0.00%
2007,VNM,MKD,ALL,1586454.64,0.00%
2007,VNM,MNE,ALL,470693,0.00%
2007,VNM,NLD,ALL,38639630.02,0.11%
2007,VNM,POL,ALL,13978581.51,0.04%
2007,VNM,PRT,ALL,215343.22,0.00%
2007,VNM,ROU,ALL,45155.63,0.00%
2007,VNM,RUS,ALL,33374379.93,0.10%
2007,VNM,SRB,ALL,1892246.03,0.01%
2007,VNM,SVK,ALL,1160331.24,0.00%
2007,VNM,SVN,ALL,7448834.28,0.02%
2007,VNM,SWE,ALL,19291,0.00%
2007,VNM,UKR,ALL,6020531.47,0.02%
2007,VNM,ATG,ALL,72865.87,0.00%
2007,VNM,BLZ,ALL,85393,0.00%
2007,VNM,BRB,ALL,594110.93,0.00%
2007,VNM,CAN,ALL,50541.67,0.00%
2007,VNM,CRI,ALL,1017308.57,0.00%
2007,VNM,DMA,ALL,2668.07,0.00%
2007,VNM,DOM,ALL,59163434.17,0.17%
2007,VNM,GRL,ALL,14372,0.00%
2007,VNM,GTM,ALL,111576.2,0.00%
2007,VNM,HND,ALL,4269311.28,0.01%
2007,VNM,JAM,ALL,3059414.69,0.01%
2007,VNM,KNA,ALL,132137.28,0.00%
2007,VNM,LCA,ALL,2221,0.00%
2007,VNM,MEX,ALL,36717514.66,0.11%
2007,VNM,MSR,ALL,27796,0.00%
2007,VNM,NIC,ALL,4911761.49,0.01%
2007,VNM,SLV,ALL,5634120.61,0.02%
2007,VNM,TTO,ALL,4229286.51,0.01%
2007,VNM,VCT,ALL,78461.31,0.00%
2007,VNM,AUS,ALL,6235238.29,0.02%
2007,VNM,COK,ALL,79818,0.00%
2007,VNM,FJI,ALL,271310.55,0.00%
2007,VNM,NCL,ALL,333868.67,0.00%
2007,VNM,PYF,ALL,87598.62,0.00%
2007,VNM,WSM,ALL,16308,0.00%
2007,VNM,BOL,ALL,560584.95,0.00%
2007,VNM,BRA,ALL,82750344.38,0.24%
2007,VNM,CHL,ALL,150719.71,0.00%
2007,VNM,COL,ALL,8296268.17,0.02%
2007,VNM,ECU,ALL,71236.48,0.00%
2007,VNM,GUY,ALL,31277.39,0.00%
2007,VNM,PER,ALL,1786487.81,0.01%
2007,VNM,PRY,ALL,21426339.27,0.06%
2007,VNM,SUR,ALL,4528893.8,0.01%
2007,VNM,URY,ALL,615072.91,0.00%
2007,VNM,VEN,ALL,211563768.5,0.61%
2008,VNM,BDI,ALL,65784.24,0.00%
2008,VNM,BEN,ALL,545734.62,0.00%
2008,VNM,BFA,ALL,2400152.42,0.01%
2008,VNM,CAF,ALL,109649.96,0.00%
2008,VNM,CIV,ALL,3478826.04,0.01%
2008,VNM,CMR,ALL,260854.89,0.00%
2008,VNM,COG,ALL,266156.33,0.00%
2008,VNM,COM,ALL,248219.5,0.00%
2008,VNM,CPV,ALL,28247,0.00%
2008,VNM,DZA,ALL,24745809,0.07%
2008,VNM,EGY,ALL,32676798.52,0.09%
2008,VNM,ETH,ALL,8199696.73,0.02%
2008,VNM,GAB,ALL,3555158.03,0.01%
2008,VNM,GHA,ALL,4553382.04,0.01%
2008,VNM,GIN,ALL,91342.6,0.00%
2008,VNM,KEN,ALL,653419.79,0.00%
2008,VNM,MDG,ALL,170693.39,0.00%
2008,VNM,MLI,ALL,395949.36,0.00%
2008,VNM,MOZ,ALL,2962231.96,0.01%
2008,VNM,MRT,ALL,289750.26,0.00%
2008,VNM,MUS,ALL,1566448.8,0.00%
2008,VNM,MWI,ALL,35780,0.00%
2008,VNM,NER,ALL,11802783.61,0.03%
2008,VNM,NGA,ALL,1594035.85,0.00%
2008,VNM,RWA,ALL,99070.6,0.00%
2008,VNM,SEN,ALL,611372.58,0.00%
2008,VNM,SYC,ALL,2848919.79,0.01%
2008,VNM,TGO,ALL,661323.22,0.00%
2008,VNM,TUN,ALL,6698027.14,0.02%
2008,VNM,TZA,ALL,239625.71,0.00%
2008,VNM,UGA,ALL,939715.89,0.00%
2008,VNM,ZAF,ALL,3383021,0.01%
2008,VNM,ZWE,ALL,43378.75,0.00%
2008,VNM,AFG,ALL,2971037.11,0.01%
2008,VNM,ARE,ALL,25369731.61,0.07%
2008,VNM,ARM,ALL,46222,0.00%
2008,VNM,AZE,ALL,14568.32,0.00%
2008,VNM,CHN,ALL,680214974.2,2.00%
2008,VNM,CYP,ALL,35895,0.00%
2008,VNM,GEO,ALL,1710621,0.00%
2008,VNM,HKG,ALL,24424722.14,0.07%
2008,VNM,IDN,ALL,7705533.98,0.02%
2008,VNM,IND,ALL,91171016.14,0.26%
2008,VNM,ISR,ALL,9000,0.00%
2008,VNM,KAZ,ALL,631495.88,0.00%
2008,VNM,KHM,ALL,764428.56,0.00%
2008,VNM,KWT,ALL,10162537,0.03%
2008,VNM,LBN,ALL,7513786.33,0.02%
2008,VNM,LKA,ALL,119241,0.00%
2008,VNM,MAC,ALL,7406,0.00%
2008,VNM,MYS,ALL,1527807.95,0.00%
2008,VNM,PAK,ALL,12367486.74,0.04%
2008,VNM,PSE,ALL,33268,0.00%
2008,VNM,QAT,ALL,68719932.68,0.20%
2008,VNM,SAU,ALL,19758176.41,0.06%
2008,VNM,SGP,ALL,267239.66,0.00%
2008,VNM,SYR,ALL,2507831.84,0.01%
2008,VNM,THA,ALL,26141317.54,0.08%
2008,VNM,TUR,ALL,48331068.94,0.14%
2008,VNM,YEM,ALL,1397140.78,0.00%
2008,VNM,ALB,ALL,1114025.39,0.00%
2008,VNM,AUT,ALL,348179.17,0.00%
2008,VNM,BGR,ALL,13699935.83,0.04%
2008,VNM,BIH,ALL,332624.14,0.00%
2008,VNM,BLR,ALL,3011361.11,0.01%
2008,VNM,BLX,ALL,5074301.92,0.02%
2008,VNM,CHE,ALL,197250,0.00%
2008,VNM,CZE,ALL,8035461.96,0.02%
2008,VNM,DEU,ALL,21474234.05,0.06%
2008,VNM,DNK,ALL,400723.61,0.00%
2008,VNM,ESP,ALL,5445197.07,0.02%
2008,VNM,EST,ALL,844344.54,0.00%
2008,VNM,FIN,ALL,976996.89,0.00%
2008,VNM,FRA,ALL,6197308.43,0.02%
2008,VNM,GBR,ALL,5644119.32,0.02%
2008,VNM,GRC,ALL,90882058.01,0.26%
2008,VNM,HRV,ALL,637398.27,0.00%
2008,VNM,HUN,ALL,33000,0.00%
2008,VNM,IRL,ALL,2271513.48,0.01%
2008,VNM,ITA,ALL,3464264.71,0.01%
2008,VNM,LTU,ALL,66147.24,0.00%
2008,VNM,MDA,ALL,850490.81,0.00%
2008,VNM,MKD,ALL,1893333.84,0.01%
2008,VNM,MNE,ALL,643786.92,0.00%
2008,VNM,NLD,ALL,18379018.74,0.05%
2008,VNM,POL,ALL,92858781.89,0.27%
2008,VNM,ROU,ALL,153402.74,0.00%
2008,VNM,RUS,ALL,13733347.77,0.04%
2008,VNM,SRB,ALL,12289368.88,0.04%
2008,VNM,SVK,ALL,7959650.09,0.02%
2008,VNM,SVN,ALL,5730334.48,0.02%
2008,VNM,SWE,ALL,19551,0.00%
2008,VNM,UKR,ALL,8214875.5,0.02%
2008,VNM,BLZ,ALL,12874,0.00%
2008,VNM,BRB,ALL,306069.31,0.00%
2008,VNM,CAN,ALL,52817.56,0.00%
2008,VNM,CRI,ALL,6704309.95,0.02%
2008,VNM,DOM,ALL,58152439.7,0.17%
2008,VNM,GTM,ALL,116500,0.00%
2008,VNM,JAM,ALL,2075214.44,0.01%
2008,VNM,KNA,ALL,184798.64,0.00%
2008,VNM,LCA,ALL,1636,0.00%
2008,VNM,MEX,ALL,19032569.31,0.06%
2008,VNM,NIC,ALL,5682117.44,0.02%
2008,VNM,SLV,ALL,2319289.28,0.01%
2008,VNM,TTO,ALL,8285045.25,0.02%
2008,VNM,VCT,ALL,5316.08,0.00%
2008,VNM,AUS,ALL,5590410.49,0.02%
2008,VNM,FJI,ALL,1395208.51,0.00%
2008,VNM,NCL,ALL,398846.55,0.00%
2008,VNM,PYF,ALL,22721.6,0.00%
2008,VNM,TON,ALL,26823,0.00%
2008,VNM,WSM,ALL,118304.35,0.00%
2008,VNM,BOL,ALL,957768.09,0.00%
2008,VNM,BRA,ALL,171031134.3,0.49%
2008,VNM,CHL,ALL,289059.36,0.00%
2008,VNM,COL,ALL,15369515.99,0.04%
2008,VNM,ECU,ALL,1374824.96,0.00%
2008,VNM,GUY,ALL,686538.66,0.00%
2008,VNM,PER,ALL,19250262.48,0.06%
2008,VNM,PRY,ALL,34275715.38,0.10%
2008,VNM,SUR,ALL,7615177.92,0.02%
2008,VNM,URY,ALL,1620367.03,0.00%
2008,VNM,VEN,ALL,204705338,0.59%
2009,VNM,BDI,ALL,150245.21,0.00%
2009,VNM,BEN,ALL,4310699.22,0.01%
2009,VNM,BFA,ALL,47321.06,0.00%
2009,VNM,CAF,ALL,25223.45,0.00%
2009,VNM,CIV,ALL,790123.27,0.00%
2009,VNM,CMR,ALL,11480,0.00%
2009,VNM,COG,ALL,231147.73,0.00%
2009,VNM,COM,ALL,242849.56,0.00%
2009,VNM,DZA,ALL,9896731,0.03%
2009,VNM,EGY,ALL,28006161.28,0.08%
2009,VNM,ETH,ALL,6539840.59,0.02%
2009,VNM,GAB,ALL,1434884.94,0.00%
2009,VNM,GHA,ALL,2154360.33,0.01%
2009,VNM,KEN,ALL,1204644.18,0.00%
2009,VNM,MDG,ALL,25173.4,0.00%
2009,VNM,MOZ,ALL,770775.52,0.00%
2009,VNM,MRT,ALL,599283.21,0.00%
2009,VNM,MUS,ALL,326780.43,0.00%
2009,VNM,MWI,ALL,107270.91,0.00%
2009,VNM,NER,ALL,16697799.42,0.05%
2009,VNM,RWA,ALL,601342.67,0.00%
2009,VNM,SDN,ALL,677739.82,0.00%
2009,VNM,SEN,ALL,1221325.93,0.00%
2009,VNM,STP,ALL,21947.78,0.00%
2009,VNM,TGO,ALL,174915.26,0.00%
2009,VNM,TUN,ALL,1264022.85,0.00%
2009,VNM,TZA,ALL,117661.32,0.00%
2009,VNM,UGA,ALL,859887.25,0.00%
2009,VNM,ZAF,ALL,1385754.17,0.00%
2009,VNM,ZMB,ALL,89485.25,0.00%
2009,VNM,ZWE,ALL,125840.58,0.00%
2009,VNM,ARM,ALL,66476.82,0.00%
2009,VNM,BTN,ALL,712358.59,0.00%
2009,VNM,CHN,ALL,714875177.3,2.10%
2009,VNM,CYP,ALL,37850.15,0.00%
2009,VNM,GEO,ALL,293168,0.00%
2009,VNM,HKG,ALL,23492203.53,0.07%
2009,VNM,IDN,ALL,7214379.96,0.02%
2009,VNM,IND,ALL,5726597.11,0.02%
2009,VNM,ISR,ALL,7838.62,0.00%
2009,VNM,KAZ,ALL,1029154.61,0.00%
2009,VNM,KHM,ALL,1461675.53,0.00%
2009,VNM,LBN,ALL,6816713.48,0.02%
2009,VNM,LKA,ALL,384516.48,0.00%
2009,VNM,MAC,ALL,1928,0.00%
2009,VNM,MYS,ALL,181273.05,0.00%
2009,VNM,NPL,ALL,3561955.69,0.01%
2009,VNM,PAK,ALL,8645578.76,0.03%
2009,VNM,PSE,ALL,240324.24,0.00%
2009,VNM,SAU,ALL,43033218.28,0.12%
2009,VNM,SGP,ALL,741460.75,0.00%
2009,VNM,SYR,ALL,1136019.5,0.00%
2009,VNM,THA,ALL,12224628.55,0.04%
2009,VNM,TUR,ALL,2205166.86,0.01%
2009,VNM,YEM,ALL,1885217.51,0.01%
2009,VNM,ALB,ALL,202617.56,0.00%
2009,VNM,AUT,ALL,480419.51,0.00%
2009,VNM,BGR,ALL,8103150.86,0.02%
2009,VNM,BIH,ALL,97416.55,0.00%
2009,VNM,BLR,ALL,3734458.99,0.01%
2009,VNM,BLX,ALL,2533308.82,0.01%
2009,VNM,CHE,ALL,883701,0.00%
2009,VNM,CZE,ALL,7044361.32,0.02%
2009,VNM,DEU,ALL,52033434.23,0.15%
2009,VNM,DNK,ALL,332570.53,0.00%
2009,VNM,ESP,ALL,5259253.08,0.02%
2009,VNM,EST,ALL,227807,0.00%
2009,VNM,FIN,ALL,249158.52,0.00%
2009,VNM,FRA,ALL,9537220.41,0.03%
2009,VNM,GBR,ALL,1154323.09,0.00%
2009,VNM,GRC,ALL,1151413.9,0.00%
2009,VNM,HRV,ALL,494883.23,0.00%
2009,VNM,IRL,ALL,1136419.81,0.00%
2009,VNM,ITA,ALL,786820.51,0.00%
2009,VNM,LTU,ALL,8231.44,0.00%
2009,VNM,MDA,ALL,554333.22,0.00%
2009,VNM,MKD,ALL,715735.99,0.00%
2009,VNM,MNE,ALL,165821,0.00%
2009,VNM,NLD,ALL,20229836.47,0.06%
2009,VNM,POL,ALL,34602662.68,0.10%
2009,VNM,PRT,ALL,442475,0.00%
2009,VNM,ROU,ALL,3105,0.00%
2009,VNM,RUS,ALL,7605684.66,0.02%
2009,VNM,SRB,ALL,669929.35,0.00%
2009,VNM,SVK,ALL,5948523.09,0.02%
2009,VNM,SVN,ALL,1925709.13,0.01%
2009,VNM,SWE,ALL,156355.16,0.00%
2009,VNM,UKR,ALL,725611.56,0.00%
2009,VNM,ATG,ALL,957033.93,0.00%
2009,VNM,BLZ,ALL,16229.39,0.00%
2009,VNM,BRB,ALL,329640.85,0.00%
2009,VNM,CAN,ALL,62916.57,0.00%
2009,VNM,CRI,ALL,1214219.31,0.00%
2009,VNM,DMA,ALL,11102.22,0.00%
2009,VNM,DOM,ALL,17674217.04,0.05%
2009,VNM,GRL,ALL,1253,0.00%
2009,VNM,GTM,ALL,1288054.08,0.00%
2009,VNM,HND,ALL,2396346.78,0.01%
2009,VNM,JAM,ALL,1898934.49,0.01%
2009,VNM,KNA,ALL,336732.72,0.00%
2009,VNM,MEX,ALL,10708684.69,0.03%
2009,VNM,NIC,ALL,3175496.48,0.01%
2009,VNM,SLV,ALL,785966.34,0.00%
2009,VNM,TTO,ALL,1814975.89,0.01%
2009,VNM,VCT,ALL,73801.43,0.00%
2009,VNM,AUS,ALL,3491600.54,0.01%
2009,VNM,FJI,ALL,1003665.82,0.00%
2009,VNM,NCL,ALL,560506.97,0.00%
2009,VNM,PYF,ALL,10269.11,0.00%
2009,VNM,TON,ALL,33203.36,0.00%
2009,VNM,VUT,ALL,106140.9,0.00%
2009,VNM,WSM,ALL,124646.24,0.00%
2009,VNM,BOL,ALL,748373.81,0.00%
2009,VNM,BRA,ALL,93195453.25,0.27%
2009,VNM,CHL,ALL,644283.96,0.00%
2009,VNM,COL,ALL,10381071.72,0.03%
2009,VNM,ECU,ALL,187892.06,0.00%
2009,VNM,GUY,ALL,1132455.98,0.00%
2009,VNM,PER,ALL,18156777.83,0.05%
2009,VNM,PRY,ALL,21274738.71,0.06%
2009,VNM,SUR,ALL,1504884.53,0.00%
2009,VNM,URY,ALL,736154.07,0.00%
2009,VNM,VEN,ALL,37263503.92,0.11%
2010,VNM,BDI,ALL,15069.65,0.00%
2010,VNM,BEN,ALL,4060703.11,0.01%
2010,VNM,BFA,ALL,116701.08,0.00%
2010,VNM,CAF,ALL,50781.02,0.00%
2010,VNM,CIV,ALL,1094775.09,0.00%
2010,VNM,CMR,ALL,8943,0.00%
2010,VNM,COG,ALL,232605.48,0.00%
2010,VNM,DZA,ALL,8343776,0.02%
2010,VNM,EGY,ALL,65348427.75,0.19%
2010,VNM,ETH,ALL,4106654.81,0.01%
2010,VNM,GHA,ALL,253020.75,0.00%
2010,VNM,GMB,ALL,189801.09,0.00%
2010,VNM,KEN,ALL,189423.88,0.00%
2010,VNM,MDG,ALL,67447.42,0.00%
2010,VNM,MLI,ALL,258629.2,0.00%
2010,VNM,MOZ,ALL,49352.05,0.00%
2010,VNM,MRT,ALL,664090.67,0.00%
2010,VNM,MUS,ALL,114174.8,0.00%
2010,VNM,MWI,ALL,34709.49,0.00%
2010,VNM,NER,ALL,8942072.08,0.03%
2010,VNM,SDN,ALL,184481.96,0.00%
2010,VNM,SEN,ALL,441529.55,0.00%
2010,VNM,TGO,ALL,170667.84,0.00%
2010,VNM,TUN,ALL,2044669.12,0.01%
2010,VNM,TZA,ALL,7400593.08,0.02%
2010,VNM,UGA,ALL,766755,0.00%
2010,VNM,ZAF,ALL,1445092,0.00%
2010,VNM,ZMB,ALL,560733.69,0.00%
2010,VNM,ZWE,ALL,244199.24,0.00%
2010,VNM,ARM,ALL,1978,0.00%
2010,VNM,BHR,ALL,31486.09,0.00%
2010,VNM,CHN,ALL,1099892718,3.20%
2010,VNM,CYP,ALL,113645.05,0.00%
2010,VNM,GEO,ALL,85836,0.00%
2010,VNM,HKG,ALL,2685714,0.01%
2010,VNM,IDN,ALL,7158927.21,0.02%
2010,VNM,IND,ALL,44492203.78,0.13%
2010,VNM,JOR,ALL,8605.28,0.00%
2010,VNM,KAZ,ALL,546381.79,0.00%
2010,VNM,KHM,ALL,1742064.04,0.01%
2010,VNM,LBN,ALL,4297142.65,0.01%
2010,VNM,LKA,ALL,34978492.62,0.10%
2010,VNM,MAC,ALL,2874,0.00%
2010,VNM,NPL,ALL,1392413.66,0.00%
2010,VNM,PAK,ALL,18159089.18,0.05%
2010,VNM,PSE,ALL,153895.44,0.00%
2010,VNM,QAT,ALL,1878219.75,0.01%
2010,VNM,SAU,ALL,24367933.15,0.07%
2010,VNM,SGP,ALL,546429.14,0.00%
2010,VNM,SYR,ALL,161942,0.00%
2010,VNM,THA,ALL,18559948.09,0.05%
2010,VNM,TUR,ALL,4369741.42,0.01%
2010,VNM,YEM,ALL,1071730.67,0.00%
2010,VNM,ALB,ALL,533278.3,0.00%
2010,VNM,AUT,ALL,539962.91,0.00%
2010,VNM,BGR,ALL,61515.5,0.00%
2010,VNM,BIH,ALL,245436.18,0.00%
2010,VNM,BLR,ALL,7106836.49,0.02%
2010,VNM,BLX,ALL,2311268.95,0.01%
2010,VNM,CHE,ALL,876938,0.00%
2010,VNM,CZE,ALL,4063105.47,0.01%
2010,VNM,DEU,ALL,33728811.97,0.10%
2010,VNM,DNK,ALL,522710.36,0.00%
2010,VNM,ESP,ALL,3573236.81,0.01%
2010,VNM,EST,ALL,133124.4,0.00%
2010,VNM,FIN,ALL,627795.28,0.00%
2010,VNM,FRA,ALL,6779568.87,0.02%
2010,VNM,GBR,ALL,2433451.76,0.01%
2010,VNM,GRC,ALL,1151064.51,0.00%
2010,VNM,HRV,ALL,471240.09,0.00%
2010,VNM,HUN,ALL,1000,0.00%
2010,VNM,IRL,ALL,1855799.97,0.01%
2010,VNM,ITA,ALL,982456.02,0.00%
2010,VNM,LVA,ALL,5647.04,0.00%
2010,VNM,MDA,ALL,177805.01,0.00%
2010,VNM,MKD,ALL,647916.78,0.00%
2010,VNM,MNE,ALL,242028,0.00%
2010,VNM,NLD,ALL,79536661.26,0.23%
2010,VNM,POL,ALL,16443180.6,0.05%
2010,VNM,PRT,ALL,125019,0.00%
2010,VNM,ROU,ALL,262914.31,0.00%
2010,VNM,RUS,ALL,15749870.64,0.05%
2010,VNM,SRB,ALL,1286266.34,0.00%
2010,VNM,SVK,ALL,4002957.2,0.01%
2010,VNM,SVN,ALL,2928459.56,0.01%
2010,VNM,SWE,ALL,487463.1,0.00%
2010,VNM,UKR,ALL,2449715.96,0.01%
2010,VNM,ATG,ALL,1281461.78,0.00%
2010,VNM,BMU,ALL,17325.95,0.00%
2010,VNM,BRB,ALL,301369.21,0.00%
2010,VNM,CAN,ALL,81754.35,0.00%
2010,VNM,CRI,ALL,1607532.62,0.00%
2010,VNM,DMA,ALL,39428.75,0.00%
2010,VNM,DOM,ALL,16259736.08,0.05%
2010,VNM,GTM,ALL,274248.2,0.00%
2010,VNM,HND,ALL,4251766.54,0.01%
2010,VNM,JAM,ALL,2053732.76,0.01%
2010,VNM,KNA,ALL,13097.95,0.00%
2010,VNM,MEX,ALL,22107916.8,0.06%
2010,VNM,NIC,ALL,797184.2,0.00%
2010,VNM,SLV,ALL,796432.68,0.00%
2010,VNM,TTO,ALL,1095124.16,0.00%
2010,VNM,USA,ALL,8763,0.00%
2010,VNM,VCT,ALL,31536,0.00%
2010,VNM,AUS,ALL,6239390.23,0.02%
2010,VNM,FJI,ALL,165429.51,0.00%
2010,VNM,NCL,ALL,519453.03,0.00%
2010,VNM,PYF,ALL,1316,0.00%
2010,VNM,SLB,ALL,101309,0.00%
2010,VNM,VUT,ALL,19739,0.00%
2010,VNM,WSM,ALL,480925.02,0.00%
2010,VNM,BOL,ALL,4897116.11,0.01%
2010,VNM,BRA,ALL,116127452.3,0.33%
2010,VNM,CHL,ALL,259381.99,0.00%
2010,VNM,COL,ALL,11695561.88,0.03%
2010,VNM,ECU,ALL,401880.85,0.00%
2010,VNM,GUY,ALL,2367616.3,0.01%
2010,VNM,PRY,ALL,19750000.79,0.06%
2010,VNM,SUR,ALL,7730441.92,0.02%
2010,VNM,URY,ALL,750142.56,0.00%
2010,VNM,VEN,ALL,42064138.58,0.12%
2011,VNM,BDI,ALL,116970.94,0.00%
2011,VNM,BFA,ALL,91802.07,0.00%
2011,VNM,CAF,ALL,2152.48,0.00%
2011,VNM,CIV,ALL,2989865.53,0.01%
2011,VNM,CMR,ALL,185039.86,0.00%
2011,VNM,DZA,ALL,15341407,0.04%
2011,VNM,EGY,ALL,23326338.35,0.07%
2011,VNM,ETH,ALL,6305531.35,0.02%
2011,VNM,GHA,ALL,4763460.08,0.01%
2011,VNM,GMB,ALL,91873.68,0.00%
2011,VNM,MDG,ALL,379149.1,0.00%
2011,VNM,MLI,ALL,290584.06,0.00%
2011,VNM,MOZ,ALL,978987.21,0.00%
2011,VNM,MRT,ALL,1131337.07,0.00%
2011,VNM,MUS,ALL,557880.1,0.00%
2011,VNM,MWI,ALL,41420.81,0.00%
2011,VNM,NER,ALL,3643454.53,0.01%
2011,VNM,RWA,ALL,142247.21,0.00%
2011,VNM,SDN,ALL,85952.99,0.00%
2011,VNM,SEN,ALL,970636.97,0.00%
2011,VNM,TGO,ALL,134622.1,0.00%
2011,VNM,TUN,ALL,1158144.46,0.00%
2011,VNM,TZA,ALL,4350955.85,0.01%
2011,VNM,UGA,ALL,527254.28,0.00%
2011,VNM,ZAF,ALL,3574213,0.01%
2011,VNM,ZMB,ALL,349298.12,0.00%
2011,VNM,ZWE,ALL,1451707.45,0.00%
2011,VNM,ARM,ALL,9156,0.00%
2011,VNM,AZE,ALL,26340.49,0.00%
2011,VNM,BHR,ALL,234077859.5,0.67%
2011,VNM,CHN,ALL,2269788031,6.50%
2011,VNM,CYP,ALL,36903.13,0.00%
2011,VNM,GEO,ALL,5104668,0.02%
2011,VNM,HKG,ALL,3483032,0.01%
2011,VNM,IDN,ALL,29780747.3,0.09%
2011,VNM,IND,ALL,9354073.88,0.03%
2011,VNM,KHM,ALL,26464.89,0.00%
2011,VNM,LBN,ALL,3486500.77,0.01%
2011,VNM,LKA,ALL,3295653.67,0.01%
2011,VNM,NPL,ALL,1072402.92,0.00%
2011,VNM,PAK,ALL,24788613.08,0.07%
2011,VNM,PSE,ALL,824724.05,0.00%
2011,VNM,SAU,ALL,32263753.44,0.09%
2011,VNM,THA,ALL,11709172.98,0.03%
2011,VNM,TUR,ALL,3396989.96,0.01%
2011,VNM,YEM,ALL,648142.98,0.00%
2011,VNM,ALB,ALL,271028.26,0.00%
2011,VNM,AUT,ALL,448231.82,0.00%
2011,VNM,BGR,ALL,271749.25,0.00%
2011,VNM,BIH,ALL,152052.48,0.00%
2011,VNM,BLR,ALL,2676776.33,0.01%
2011,VNM,BLX,ALL,3181415.39,0.01%
2011,VNM,CHE,ALL,971402,0.00%
2011,VNM,CZE,ALL,7294046.41,0.02%
2011,VNM,DEU,ALL,49997666.54,0.14%
2011,VNM,DNK,ALL,1416682.19,0.00%
2011,VNM,ESP,ALL,3670122.72,0.01%
2011,VNM,EST,ALL,55175.96,0.00%
2011,VNM,FIN,ALL,5222,0.00%
2011,VNM,FRA,ALL,11500131.25,0.03%
2011,VNM,GBR,ALL,5210715.75,0.02%
2011,VNM,GRC,ALL,1226165.91,0.00%
2011,VNM,HRV,ALL,234087,0.00%
2011,VNM,IRL,ALL,1444250.95,0.00%
2011,VNM,ITA,ALL,595277.22,0.00%
2011,VNM,LTU,ALL,6922,0.00%
2011,VNM,MDA,ALL,72125.43,0.00%
2011,VNM,MKD,ALL,319616.98,0.00%
2011,VNM,MNE,ALL,155729.3,0.00%
2011,VNM,NLD,ALL,89812983.57,0.26%
2011,VNM,POL,ALL,10661970.99,0.03%
2011,VNM,PRT,ALL,63764.87,0.00%
2011,VNM,ROU,ALL,449282.9,0.00%
2011,VNM,RUS,ALL,13933284.63,0.04%
2011,VNM,SRB,ALL,4582149.5,0.01%
2011,VNM,SVK,ALL,3751233.64,0.01%
2011,VNM,SVN,ALL,1354699.5,0.00%
2011,VNM,SWE,ALL,593316.8,0.00%
2011,VNM,UKR,ALL,555257.72,0.00%
2011,VNM,ATG,ALL,1492753.91,0.00%
2011,VNM,BHS,ALL,103946,0.00%
2011,VNM,BLZ,ALL,164194.23,0.00%
2011,VNM,BMU,ALL,87790,0.00%
2011,VNM,BRB,ALL,116228.42,0.00%
2011,VNM,CAN,ALL,36531.97,0.00%
2011,VNM,CRI,ALL,3158159.42,0.01%
2011,VNM,DOM,ALL,23082427.13,0.07%
2011,VNM,GRL,ALL,1756,0.00%
2011,VNM,GTM,ALL,443038,0.00%
2011,VNM,HND,ALL,2798867.18,0.01%
2011,VNM,JAM,ALL,2479881.67,0.01%
2011,VNM,KNA,ALL,123318,0.00%
2011,VNM,MEX,ALL,11389001.51,0.03%
2011,VNM,NIC,ALL,354238.29,0.00%
2011,VNM,SLV,ALL,655494.7,0.00%
2011,VNM,VCT,ALL,152208.73,0.00%
2011,VNM,AUS,ALL,6901048.37,0.02%
2011,VNM,FJI,ALL,139190.51,0.00%
2011,VNM,NCL,ALL,486961.41,0.00%
2011,VNM,PNG,ALL,3659634.28,0.01%
2011,VNM,PYF,ALL,12687,0.00%
2011,VNM,SLB,ALL,91095.39,0.00%
2011,VNM,TON,ALL,52269,0.00%
2011,VNM,VUT,ALL,2520,0.00%
2011,VNM,WSM,ALL,250903.71,0.00%
2011,VNM,BOL,ALL,2740454.83,0.01%
2011,VNM,BRA,ALL,50224882.57,0.14%
2011,VNM,CHL,ALL,2804611.35,0.01%
2011,VNM,COL,ALL,16110278.72,0.05%
2011,VNM,ECU,ALL,2541256.47,0.01%
2011,VNM,GUY,ALL,5485789.72,0.02%
2011,VNM,PER,ALL,1574570,0.00%
2011,VNM,PRY,ALL,32218345.84,0.09%
2011,VNM,SUR,ALL,9553882.85,0.03%
2011,VNM,URY,ALL,519227.18,0.00%
2011,VNM,VEN,ALL,16862851.27,0.05%
2012,VNM,BDI,ALL,149559.46,0.00%
2012,VNM,BEN,ALL,2909099.75,0.01%
2012,VNM,CAF,ALL,138258.51,0.00%
2012,VNM,CIV,ALL,622778.32,0.00%
2012,VNM,CMR,ALL,42524,0.00%
2012,VNM,COG,ALL,30001.65,0.00%
2012,VNM,CPV,ALL,9304.14,0.00%
2012,VNM,DZA,ALL,1773193,0.01%
2012,VNM,EGY,ALL,18450310.78,0.05%
2012,VNM,ETH,ALL,14556919.78,0.04%
2012,VNM,GHA,ALL,444649.2,0.00%
2012,VNM,GMB,ALL,62268.97,0.00%
2012,VNM,MAR,ALL,2531709.59,0.01%
2012,VNM,MDG,ALL,148070.49,0.00%
2012,VNM,MLI,ALL,4873126.84,0.01%
2012,VNM,MOZ,ALL,2910731.04,0.01%
2012,VNM,MRT,ALL,3256777.9,0.01%
2012,VNM,MUS,ALL,57016.08,0.00%
2012,VNM,NER,ALL,2264492.68,0.01%
2012,VNM,NGA,ALL,34457.76,0.00%
2012,VNM,RWA,ALL,861179.63,0.00%
2012,VNM,SEN,ALL,317301.88,0.00%
2012,VNM,STP,ALL,15180,0.00%
2012,VNM,TGO,ALL,58740.92,0.00%
2012,VNM,TUN,ALL,1729698.9,0.01%
2012,VNM,TZA,ALL,1224218.3,0.00%
2012,VNM,UGA,ALL,876117.14,0.00%
2012,VNM,ZAF,ALL,1921897,0.01%
2012,VNM,ZMB,ALL,1566186.35,0.00%
2012,VNM,ZWE,ALL,1459041.49,0.00%
2012,VNM,ARM,ALL,77130.47,0.00%
2012,VNM,AZE,ALL,9794.44,0.00%
2012,VNM,BRN,ALL,551202.47,0.00%
2012,VNM,CHN,ALL,2273733156,6.50%
2012,VNM,CYP,ALL,13933.44,0.00%
2012,VNM,GEO,ALL,8098893,0.02%
2012,VNM,HKG,ALL,6325090.12,0.02%
2012,VNM,IDN,ALL,56794347.31,0.16%
2012,VNM,IND,ALL,131783.9,0.00%
2012,VNM,ISR,ALL,164000,0.00%
2012,VNM,KAZ,ALL,240645.23,0.00%
2012,VNM,KGZ,ALL,1369,0.00%
2012,VNM,LBN,ALL,1333759.74,0.00%
2012,VNM,LKA,ALL,7455222.38,0.02%
2012,VNM,MAC,ALL,47554,0.00%
2012,VNM,PAK,ALL,40071952.93,0.12%
2012,VNM,PSE,ALL,657776.7,0.00%
2012,VNM,SAU,ALL,19862247.51,0.06%
2012,VNM,SGP,ALL,734293.2,0.00%
2012,VNM,THA,ALL,20315904.6,0.06%
2012,VNM,TUR,ALL,3295941.65,0.01%
2012,VNM,YEM,ALL,540458.46,0.00%
2012,VNM,ALB,ALL,106409.13,0.00%
2012,VNM,AUT,ALL,840649.51,0.00%
2012,VNM,BGR,ALL,9408,0.00%
2012,VNM,BIH,ALL,374574.33,0.00%
2012,VNM,BLR,ALL,681761.21,0.00%
2012,VNM,BLX,ALL,382309.01,0.00%
2012,VNM,CHE,ALL,967878,0.00%
2012,VNM,CZE,ALL,2357209.1,0.01%
2012,VNM,DEU,ALL,15177674.8,0.04%
2012,VNM,DNK,ALL,187193.74,0.00%
2012,VNM,ESP,ALL,2330744.75,0.01%
2012,VNM,EST,ALL,114504.46,0.00%
2012,VNM,FIN,ALL,411647.84,0.00%
2012,VNM,FRA,ALL,8093027.92,0.02%
2012,VNM,GBR,ALL,4544391.35,0.01%
2012,VNM,GRC,ALL,65311.1,0.00%
2012,VNM,HRV,ALL,143304.61,0.00%
2012,VNM,IRL,ALL,3395008.86,0.01%
2012,VNM,ITA,ALL,982649.04,0.00%
2012,VNM,MDA,ALL,18473,0.00%
2012,VNM,MKD,ALL,738702.84,0.00%
2012,VNM,MNE,ALL,276514.34,0.00%
2012,VNM,NLD,ALL,8546792.31,0.03%
2012,VNM,POL,ALL,5853718.06,0.02%
2012,VNM,PRT,ALL,2517391.78,0.01%
2012,VNM,RUS,ALL,10669652.34,0.03%
2012,VNM,SRB,ALL,4237358.32,0.01%
2012,VNM,SVK,ALL,6166661.02,0.02%
2012,VNM,SVN,ALL,1937576.75,0.01%
2012,VNM,SWE,ALL,80033,0.00%
2012,VNM,UKR,ALL,1557329.26,0.00%
2012,VNM,ATG,ALL,2941077.67,0.01%
2012,VNM,BHS,ALL,2982151.63,0.01%
2012,VNM,BLZ,ALL,116243.63,0.00%
2012,VNM,BRB,ALL,617841.5,0.00%
2012,VNM,CAN,ALL,14126.23,0.00%
2012,VNM,CRI,ALL,5334247.01,0.02%
2012,VNM,DMA,ALL,17238,0.00%
2012,VNM,GTM,ALL,134314.72,0.00%
2012,VNM,HND,ALL,3655546.45,0.01%
2012,VNM,JAM,ALL,1542123.85,0.00%
2012,VNM,MEX,ALL,7386501.44,0.02%
2012,VNM,NIC,ALL,242441.83,0.00%
2012,VNM,SLV,ALL,651226.03,0.00%
2012,VNM,VCT,ALL,37601.44,0.00%
2012,VNM,AUS,ALL,7982689.99,0.02%
2012,VNM,FJI,ALL,310363.38,0.00%
2012,VNM,NCL,ALL,302057.39,0.00%
2012,VNM,PNG,ALL,1687895.61,0.00%
2012,VNM,PYF,ALL,40221.22,0.00%
2012,VNM,TON,ALL,44940.5,0.00%
2012,VNM,WSM,ALL,614926.27,0.00%
2012,VNM,BOL,ALL,1007972.15,0.00%
2012,VNM,BRA,ALL,40725770.13,0.12%
2012,VNM,CHL,ALL,1890414.73,0.01%
2012,VNM,COL,ALL,7496132.4,0.02%
2012,VNM,ECU,ALL,14974833.44,0.04%
2012,VNM,GUY,ALL,5509396.54,0.02%
2012,VNM,PER,ALL,2369492.51,0.01%
2012,VNM,PRY,ALL,23869750.89,0.07%
2012,VNM,URY,ALL,945315.99,0.00%
2012,VNM,VEN,ALL,39396876.33,0.11%
2013,VNM,BEN,ALL,881289.43,0.00%
2013,VNM,BFA,ALL,6710408.42,0.02%
2013,VNM,CAF,ALL,128616.7,0.00%
2013,VNM,CIV,ALL,521915.05,0.00%
2013,VNM,COG,ALL,53396.55,0.00%
2013,VNM,DZA,ALL,2428043,0.01%
2013,VNM,EGY,ALL,19600826.26,0.06%
2013,VNM,ETH,ALL,10548656.44,0.03%
2013,VNM,GHA,ALL,218990.46,0.00%
2013,VNM,GMB,ALL,77491.11,0.00%
2013,VNM,MAR,ALL,1391710.14,0.00%
2013,VNM,MDG,ALL,193890.08,0.00%
2013,VNM,MOZ,ALL,8367427.25,0.02%
2013,VNM,MRT,ALL,5699436.55,0.02%
2013,VNM,MUS,ALL,13621.37,0.00%
2013,VNM,MWI,ALL,122594,0.00%
2013,VNM,NER,ALL,4352261.56,0.01%
2013,VNM,NGA,ALL,4470630.26,0.01%
2013,VNM,RWA,ALL,977726.74,0.00%
2013,VNM,STP,ALL,1138,0.00%
2013,VNM,TGO,ALL,505885.72,0.00%
2013,VNM,TUN,ALL,1257409.3,0.00%
2013,VNM,TZA,ALL,2519273.54,0.01%
2013,VNM,UGA,ALL,828329.55,0.00%
2013,VNM,ZAF,ALL,3046450,0.01%
2013,VNM,ZMB,ALL,215865.74,0.00%
2013,VNM,ZWE,ALL,1170753.67,0.00%
2013,VNM,BRN,ALL,278505.04,0.00%
2013,VNM,CHN,ALL,2718394688,7.80%
2013,VNM,CYP,ALL,2162,0.00%
2013,VNM,GEO,ALL,3518737,0.01%
2013,VNM,HKG,ALL,741194,0.00%
2013,VNM,IDN,ALL,12838832.44,0.04%
2013,VNM,IND,ALL,31645202.09,0.09%
2013,VNM,KAZ,ALL,264006,0.00%
2013,VNM,KGZ,ALL,32148.22,0.00%
2013,VNM,KHM,ALL,137716.88,0.00%
2013,VNM,KWT,ALL,83652.27,0.00%
2013,VNM,LBN,ALL,469560.25,0.00%
2013,VNM,LKA,ALL,5774357.1,0.02%
2013,VNM,MNG,ALL,174900,0.00%
2013,VNM,MYS,ALL,58513.41,0.00%
2013,VNM,PAK,ALL,41372233.8,0.12%
2013,VNM,PSE,ALL,973044.81,0.00%
2013,VNM,QAT,ALL,3203912.51,0.01%
2013,VNM,SAU,ALL,8869971.84,0.03%
2013,VNM,SGP,ALL,1504415.39,0.00%
2013,VNM,THA,ALL,11794539.17,0.03%
2013,VNM,TLS,ALL,9717,0.00%
2013,VNM,TUR,ALL,3277250.77,0.01%
2013,VNM,YEM,ALL,398302,0.00%
2013,VNM,ALB,ALL,48015,0.00%
2013,VNM,AUT,ALL,499513.41,0.00%
2013,VNM,BGR,ALL,44289,0.00%
2013,VNM,BIH,ALL,356157.28,0.00%
2013,VNM,BLR,ALL,1756118.12,0.01%
2013,VNM,BLX,ALL,733820.95,0.00%
2013,VNM,CHE,ALL,2427904,0.01%
2013,VNM,CZE,ALL,12194105.38,0.04%
2013,VNM,DEU,ALL,13916070.69,0.04%
2013,VNM,DNK,ALL,107207.49,0.00%
2013,VNM,ESP,ALL,1826816.29,0.01%
2013,VNM,EST,ALL,532816.35,0.00%
2013,VNM,FIN,ALL,115362,0.00%
2013,VNM,FRA,ALL,7601013.69,0.02%
2013,VNM,GBR,ALL,863930.04,0.00%
2013,VNM,GRC,ALL,211939.83,0.00%
2013,VNM,HRV,ALL,76055,0.00%
2013,VNM,IRL,ALL,3539075.17,0.01%
2013,VNM,ITA,ALL,1109985.64,0.00%
2013,VNM,MDA,ALL,367185.45,0.00%
2013,VNM,MKD,ALL,336535.05,0.00%
2013,VNM,MNE,ALL,745474.05,0.00%
2013,VNM,NLD,ALL,120767460,0.35%
2013,VNM,POL,ALL,6973030.62,0.02%
2013,VNM,PRT,ALL,2986647.9,0.01%
2013,VNM,ROU,ALL,4238,0.00%
2013,VNM,RUS,ALL,9207861.42,0.03%
2013,VNM,SRB,ALL,1437039.42,0.00%
2013,VNM,SVK,ALL,2302882.8,0.01%
2013,VNM,SVN,ALL,1648521.75,0.00%
2013,VNM,SWE,ALL,17002.96,0.00%
2013,VNM,UKR,ALL,1322183.77,0.00%
2013,VNM,ATG,ALL,1086973.36,0.00%
2013,VNM,BHS,ALL,1242811,0.00%
2013,VNM,BLZ,ALL,4198.93,0.00%
2013,VNM,BRB,ALL,203702.85,0.00%
2013,VNM,CAN,ALL,32158.4,0.00%
2013,VNM,CRI,ALL,3313040.38,0.01%
2013,VNM,GTM,ALL,71192,0.00%
2013,VNM,JAM,ALL,6529385.64,0.02%
2013,VNM,MEX,ALL,12985962.15,0.04%
2013,VNM,NIC,ALL,1180141.25,0.00%
2013,VNM,SLV,ALL,673503.95,0.00%
2013,VNM,AUS,ALL,24173,0.00%
2013,VNM,FJI,ALL,391236.7,0.00%
2013,VNM,PYF,ALL,66414.44,0.00%
2013,VNM,SLB,ALL,189782.61,0.00%
2013,VNM,WSM,ALL,735055.66,0.00%
2013,VNM,BOL,ALL,383167.17,0.00%
2013,VNM,BRA,ALL,68179935.67,0.20%
2013,VNM,CHL,ALL,5370830.03,0.02%
2013,VNM,COL,ALL,4680376.83,0.01%
2013,VNM,GUY,ALL,14218545.43,0.04%
2013,VNM,PER,ALL,538082.32,0.00%
2013,VNM,PRY,ALL,11228128.56,0.03%
2013,VNM,URY,ALL,539829.72,0.00%
2013,VNM,VEN,ALL,28506690.19,0.08%
2014,VNM,BDI,ALL,243785,0.00%
2014,VNM,BEN,ALL,4699032.23,0.01%
2014,VNM,BFA,ALL,22089,0.00%
2014,VNM,CAF,ALL,4159,0.00%
2014,VNM,CIV,ALL,502349.93,0.00%
2014,VNM,CMR,ALL,169920.48,0.00%
2014,VNM,COG,ALL,33438.35,0.00%
2014,VNM,DZA,ALL,2675094,0.01%
2014,VNM,EGY,ALL,15473700.74,0.05%
2014,VNM,ETH,ALL,5294167.07,0.02%
2014,VNM,GIN,ALL,524958.27,0.00%
2014,VNM,GMB,ALL,181559,0.00%
2014,VNM,MAR,ALL,1355131.36,0.00%
2014,VNM,MDG,ALL,576943.97,0.00%
2014,VNM,MOZ,ALL,13850848.63,0.04%
2014,VNM,MRT,ALL,1540202,0.00%
2014,VNM,MUS,ALL,12283.26,0.00%
2014,VNM,MWI,ALL,30678,0.00%
2014,VNM,NER,ALL,1178107.26,0.00%
2014,VNM,NGA,ALL,20173303.97,0.06%
2014,VNM,RWA,ALL,409321.22,0.00%
2014,VNM,SEN,ALL,141981.81,0.00%
2014,VNM,TZA,ALL,4418635.79,0.01%
2014,VNM,UGA,ALL,8942293.9,0.03%
2014,VNM,ZAF,ALL,2323647.64,0.01%
2014,VNM,ZMB,ALL,1170627.01,0.00%
2014,VNM,ZWE,ALL,736092.85,0.00%
2014,VNM,ARM,ALL,4896,0.00%
2014,VNM,BRN,ALL,293219.2,0.00%
2014,VNM,CHN,ALL,2673747155,7.70%
2014,VNM,CYP,ALL,27463,0.00%
2014,VNM,GEO,ALL,3559616,0.01%
2014,VNM,HKG,ALL,6517176.69,0.02%
2014,VNM,IDN,ALL,1500444.47,0.00%
2014,VNM,IND,ALL,71636862.13,0.21%
2014,VNM,KAZ,ALL,5511756.24,0.02%
2014,VNM,KWT,ALL,55930,0.00%
2014,VNM,LBN,ALL,678098.07,0.00%
2014,VNM,LKA,ALL,10439739.55,0.03%
2014,VNM,MAC,ALL,2501,0.00%
2014,VNM,MNG,ALL,603314,0.00%
2014,VNM,MYS,ALL,135980,0.00%
2014,VNM,PAK,ALL,40458186.48,0.12%
2014,VNM,PHL,ALL,4503,0.00%
2014,VNM,PSE,ALL,131645.58,0.00%
2014,VNM,QAT,ALL,1697924.33,0.00%
2014,VNM,SGP,ALL,113565.37,0.00%
2014,VNM,THA,ALL,18016316.72,0.05%
2014,VNM,TUR,ALL,1062972.72,0.00%
2014,VNM,YEM,ALL,803498.42,0.00%
2014,VNM,ALB,ALL,10327,0.00%
2014,VNM,AND,ALL,1959,0.00%
2014,VNM,AUT,ALL,160454.06,0.00%
2014,VNM,BGR,ALL,27666,0.00%
2014,VNM,BIH,ALL,287353.9,0.00%
2014,VNM,BLR,ALL,332200,0.00%
2014,VNM,BLX,ALL,778794.92,0.00%
2014,VNM,CHE,ALL,3282281.23,0.01%
2014,VNM,CZE,ALL,6267035.41,0.02%
2014,VNM,DEU,ALL,11909202.92,0.03%
2014,VNM,DNK,ALL,6290,0.00%
2014,VNM,ESP,ALL,1779586.72,0.01%
2014,VNM,EST,ALL,264123.95,0.00%
2014,VNM,FIN,ALL,155505,0.00%
2014,VNM,FRA,ALL,7523824.08,0.02%
2014,VNM,GBR,ALL,662227.15,0.00%
2014,VNM,GRC,ALL,28030,0.00%
2014,VNM,IRL,ALL,4516566.32,0.01%
2014,VNM,ITA,ALL,567240,0.00%
2014,VNM,MDA,ALL,122686.32,0.00%
2014,VNM,MKD,ALL,326830.95,0.00%
2014,VNM,MNE,ALL,118201.67,0.00%
2014,VNM,NLD,ALL,2071864.94,0.01%
2014,VNM,POL,ALL,5384367.37,0.02%
2014,VNM,ROU,ALL,3567,0.00%
2014,VNM,RUS,ALL,9986141.11,0.03%
2014,VNM,SRB,ALL,1459552.57,0.00%
2014,VNM,SVK,ALL,3499667.37,0.01%
2014,VNM,SVN,ALL,1161821.96,0.00%
2014,VNM,SWE,ALL,3506,0.00%
2014,VNM,UKR,ALL,318947.27,0.00%
2014,VNM,ATG,ALL,2400627.95,0.01%
2014,VNM,BHS,ALL,1763727.82,0.01%
2014,VNM,BLZ,ALL,212798,0.00%
2014,VNM,BMU,ALL,73269.66,0.00%
2014,VNM,BRB,ALL,195584,0.00%
2014,VNM,CAN,ALL,13779.49,0.00%
2014,VNM,GRL,ALL,55521,0.00%
2014,VNM,GTM,ALL,1838982.3,0.01%
2014,VNM,HND,ALL,4621294.01,0.01%
2014,VNM,JAM,ALL,9552323.49,0.03%
2014,VNM,LCA,ALL,2540,0.00%
2014,VNM,MEX,ALL,6822800.15,0.02%
2014,VNM,NIC,ALL,11718728.17,0.03%
2014,VNM,SLV,ALL,747232.3,0.00%
2014,VNM,FJI,ALL,795745.7,0.00%
2014,VNM,NCL,ALL,358523.84,0.00%
2014,VNM,PYF,ALL,183216,0.00%
2014,VNM,TON,ALL,60324.58,0.00%
2014,VNM,WSM,ALL,1249739.58,0.00%
2014,VNM,BOL,ALL,354906.69,0.00%
2014,VNM,BRA,ALL,19882986.26,0.06%
2014,VNM,CHL,ALL,4281388.95,0.01%
2014,VNM,COL,ALL,5814903.63,0.02%
2014,VNM,GUY,ALL,11643706.72,0.03%
2014,VNM,PER,ALL,527659.55,0.00%
2014,VNM,PRY,ALL,14378706.31,0.04%
2014,VNM,SUR,ALL,9059060.33,0.03%
2014,VNM,URY,ALL,229136.64,0.00%
2015,VNM,AGO,ALL,5580441.52,0.02%
2015,VNM,BDI,ALL,3210,0.00%
2015,VNM,BEN,ALL,10440997.54,0.03%
2015,VNM,BFA,ALL,32791483.14,0.09%
2015,VNM,CAF,ALL,71735,0.00%
2015,VNM,CIV,ALL,399185.51,0.00%
2015,VNM,CMR,ALL,206795.91,0.00%
2015,VNM,CPV,ALL,13000,0.00%
2015,VNM,DZA,ALL,2204895,0.01%
2015,VNM,EGY,ALL,5756855.84,0.02%
2015,VNM,ETH,ALL,5647398.31,0.02%
2015,VNM,GIN,ALL,218701.5,0.00%
2015,VNM,MAR,ALL,640294.16,0.00%
2015,VNM,MDG,ALL,16113.96,0.00%
2015,VNM,MOZ,ALL,10457349.09,0.03%
2015,VNM,MUS,ALL,16833.81,0.00%
2015,VNM,MWI,ALL,4851,0.00%
2015,VNM,NER,ALL,379442.87,0.00%
2015,VNM,RWA,ALL,1702696.21,0.00%
2015,VNM,SDN,ALL,61270.4,0.00%
2015,VNM,SEN,ALL,286469.94,0.00%
2015,VNM,SLE,ALL,490486.58,0.00%
2015,VNM,SYC,ALL,2138589.86,0.01%
2015,VNM,TGO,ALL,1117365.86,0.00%
2015,VNM,TUN,ALL,911692.06,0.00%
2015,VNM,TZA,ALL,2185818.03,0.01%
2015,VNM,UGA,ALL,1066290.98,0.00%
2015,VNM,ZAF,ALL,997085.56,0.00%
2015,VNM,ZMB,ALL,13772943.75,0.04%
2015,VNM,ZWE,ALL,490451.17,0.00%
2015,VNM,ARM,ALL,39104.46,0.00%
2015,VNM,BHR,ALL,292616.82,0.00%
2015,VNM,BRN,ALL,719933.05,0.00%
2015,VNM,CHN,ALL,2338271127,6.70%
2015,VNM,CYP,ALL,56114.74,0.00%
2015,VNM,HKG,ALL,13088745.56,0.04%
2015,VNM,IND,ALL,97796047.12,0.28%
2015,VNM,KAZ,ALL,458555.87,0.00%
2015,VNM,KGZ,ALL,3773,0.00%
2015,VNM,KHM,ALL,968948.58,0.00%
2015,VNM,KWT,ALL,51963.71,0.00%
2015,VNM,LKA,ALL,8557356.62,0.03%
2015,VNM,MNG,ALL,822812,0.00%
2015,VNM,MYS,ALL,979241.04,0.00%
2015,VNM,PAK,ALL,43066340.19,0.12%
2015,VNM,PHL,ALL,10358152.94,0.03%
2015,VNM,PSE,ALL,27776,0.00%
2015,VNM,QAT,ALL,737331.48,0.00%
2015,VNM,SAU,ALL,25320391.05,0.07%
2015,VNM,SGP,ALL,1319287.53,0.00%
2015,VNM,THA,ALL,6873845.52,0.02%
2015,VNM,TUR,ALL,13613789.9,0.04%
2015,VNM,XXB,ALL,26735941.32,0.08%
2015,VNM,YEM,ALL,212273.04,0.00%
2015,VNM,ALB,ALL,14512,0.00%
2015,VNM,AUT,ALL,878933.99,0.00%
2015,VNM,BIH,ALL,266495,0.00%
2015,VNM,BLR,ALL,119810.9,0.00%
2015,VNM,BLX,ALL,944698.14,0.00%
2015,VNM,CZE,ALL,226274,0.00%
2015,VNM,DEU,ALL,3399341.08,0.01%
2015,VNM,DNK,ALL,2642,0.00%
2015,VNM,ESP,ALL,1586417.49,0.00%
2015,VNM,EST,ALL,505018.38,0.00%
2015,VNM,FIN,ALL,239657,0.00%
2015,VNM,FRA,ALL,8901540.25,0.03%
2015,VNM,GBR,ALL,415602.72,0.00%
2015,VNM,HUN,ALL,467576,0.00%
2015,VNM,IRL,ALL,769203.14,0.00%
2015,VNM,ITA,ALL,394346,0.00%
2015,VNM,MDA,ALL,189991.2,0.00%
2015,VNM,MKD,ALL,404346.69,0.00%
2015,VNM,MNE,ALL,264544,0.00%
2015,VNM,NLD,ALL,418197,0.00%
2015,VNM,POL,ALL,7286986.93,0.02%
2015,VNM,RUS,ALL,5578760.6,0.02%
2015,VNM,SRB,ALL,1191261.86,0.00%
2015,VNM,SVK,ALL,1869234.06,0.01%
2015,VNM,SVN,ALL,885229.82,0.00%
2015,VNM,SWE,ALL,438123,0.00%
2015,VNM,UKR,ALL,2013046.95,0.01%
2015,VNM,ATG,ALL,2798361.94,0.01%
2015,VNM,BHS,ALL,124003.48,0.00%
2015,VNM,BLZ,ALL,1688,0.00%
2015,VNM,BMU,ALL,419860,0.00%
2015,VNM,BRB,ALL,28071.43,0.00%
2015,VNM,CAN,ALL,100265.2,0.00%
2015,VNM,CRI,ALL,2264450.33,0.01%
2015,VNM,GRL,ALL,8568.59,0.00%
2015,VNM,GTM,ALL,414601.88,0.00%
2015,VNM,MEX,ALL,13809874.55,0.04%
2015,VNM,NIC,ALL,335360.97,0.00%
2015,VNM,SLV,ALL,1084045.42,0.00%
2015,VNM,VCT,ALL,115452.17,0.00%
2015,VNM,FJI,ALL,8853237.84,0.03%
2015,VNM,NCL,ALL,200326.2,0.00%
2015,VNM,PLW,ALL,2336,0.00%
2015,VNM,PYF,ALL,87444.21,0.00%
2015,VNM,SLB,ALL,59750.06,0.00%
2015,VNM,WSM,ALL,774204.11,0.00%
2015,VNM,BOL,ALL,757078.12,0.00%
2015,VNM,BRA,ALL,15427466.46,0.04%
2015,VNM,CHL,ALL,22898770.81,0.07%
2015,VNM,COL,ALL,3146065.61,0.01%
2015,VNM,ECU,ALL,4412351.39,0.01%
2015,VNM,GUY,ALL,7137466.15,0.02%
2015,VNM,PER,ALL,280650.31,0.00%
2015,VNM,PRY,ALL,16496727.35,0.05%
2015,VNM,URY,ALL,206349.39,0.00%
